sku,location_ID,date,quantity
100,cea83be4-5f52-4d3b-9b61-319828d20ee9,02/06/2025,1
100,cea83be4-5f52-4d3b-9b61-319828d20ee9,09/06/2025,1
100,cea83be4-5f52-4d3b-9b61-319828d20ee9,16/06/2025,1
100,cea83be4-5f52-4d3b-9b61-319828d20ee9,23/06/2025,1
100,cea83be4-5f52-4d3b-9b61-319828d20ee9,30/06/2025,1
100,cea83be4-5f52-4d3b-9b61-319828d20ee9,07/07/2025,1
100,cea83be4-5f52-4d3b-9b61-319828d20ee9,14/07/2025,1
100,cea83be4-5f52-4d3b-9b61-319828d20ee9,21/07/2025,1
100,cea83be4-5f52-4d3b-9b61-319828d20ee9,28/07/2025,1
100,f738963d-c76f-464a-8053-5b8dba7c690e,02/06/2025,0
100,f738963d-c76f-464a-8053-5b8dba7c690e,09/06/2025,0
100,f738963d-c76f-464a-8053-5b8dba7c690e,16/06/2025,0
100,f738963d-c76f-464a-8053-5b8dba7c690e,23/06/2025,0
100,f738963d-c76f-464a-8053-5b8dba7c690e,30/06/2025,0
100,f738963d-c76f-464a-8053-5b8dba7c690e,07/07/2025,0
100,f738963d-c76f-464a-8053-5b8dba7c690e,14/07/2025,0
100,f738963d-c76f-464a-8053-5b8dba7c690e,21/07/2025,0
100,f738963d-c76f-464a-8053-5b8dba7c690e,28/07/2025,0
123,3fa50da0-cbba-4896-b103-0f1480a66ff9,02/06/2025,0
123,3fa50da0-cbba-4896-b103-0f1480a66ff9,09/06/2025,0
123,3fa50da0-cbba-4896-b103-0f1480a66ff9,16/06/2025,0
123,3fa50da0-cbba-4896-b103-0f1480a66ff9,23/06/2025,0
123,3fa50da0-cbba-4896-b103-0f1480a66ff9,30/06/2025,0
123,3fa50da0-cbba-4896-b103-0f1480a66ff9,07/07/2025,0
123,3fa50da0-cbba-4896-b103-0f1480a66ff9,14/07/2025,0
123,3fa50da0-cbba-4896-b103-0f1480a66ff9,21/07/2025,0
123,3fa50da0-cbba-4896-b103-0f1480a66ff9,28/07/2025,0
123,bbe82895-f33f-48ac-89c3-8bb6cac876a2,02/06/2025,1
123,bbe82895-f33f-48ac-89c3-8bb6cac876a2,09/06/2025,1
123,bbe82895-f33f-48ac-89c3-8bb6cac876a2,16/06/2025,1
123,bbe82895-f33f-48ac-89c3-8bb6cac876a2,23/06/2025,1
123,bbe82895-f33f-48ac-89c3-8bb6cac876a2,30/06/2025,1
123,bbe82895-f33f-48ac-89c3-8bb6cac876a2,07/07/2025,1
123,bbe82895-f33f-48ac-89c3-8bb6cac876a2,14/07/2025,1
123,bbe82895-f33f-48ac-89c3-8bb6cac876a2,21/07/2025,1
123,bbe82895-f33f-48ac-89c3-8bb6cac876a2,28/07/2025,1
135,bbe82895-f33f-48ac-89c3-8bb6cac876a2,02/06/2025,1
135,bbe82895-f33f-48ac-89c3-8bb6cac876a2,09/06/2025,1
135,bbe82895-f33f-48ac-89c3-8bb6cac876a2,16/06/2025,1
135,bbe82895-f33f-48ac-89c3-8bb6cac876a2,23/06/2025,1
135,bbe82895-f33f-48ac-89c3-8bb6cac876a2,30/06/2025,1
135,bbe82895-f33f-48ac-89c3-8bb6cac876a2,07/07/2025,1
135,bbe82895-f33f-48ac-89c3-8bb6cac876a2,14/07/2025,1
135,bbe82895-f33f-48ac-89c3-8bb6cac876a2,21/07/2025,1
135,bbe82895-f33f-48ac-89c3-8bb6cac876a2,28/07/2025,1
135,f738963d-c76f-464a-8053-5b8dba7c690e,02/06/2025,0
135,f738963d-c76f-464a-8053-5b8dba7c690e,09/06/2025,0
135,f738963d-c76f-464a-8053-5b8dba7c690e,16/06/2025,0
135,f738963d-c76f-464a-8053-5b8dba7c690e,23/06/2025,0
135,f738963d-c76f-464a-8053-5b8dba7c690e,30/06/2025,0
135,f738963d-c76f-464a-8053-5b8dba7c690e,07/07/2025,0
135,f738963d-c76f-464a-8053-5b8dba7c690e,14/07/2025,0
135,f738963d-c76f-464a-8053-5b8dba7c690e,21/07/2025,0
135,f738963d-c76f-464a-8053-5b8dba7c690e,28/07/2025,0
141,bbe82895-f33f-48ac-89c3-8bb6cac876a2,02/06/2025,2
141,bbe82895-f33f-48ac-89c3-8bb6cac876a2,09/06/2025,2
141,bbe82895-f33f-48ac-89c3-8bb6cac876a2,16/06/2025,2
141,bbe82895-f33f-48ac-89c3-8bb6cac876a2,23/06/2025,2
141,bbe82895-f33f-48ac-89c3-8bb6cac876a2,30/06/2025,2
141,bbe82895-f33f-48ac-89c3-8bb6cac876a2,07/07/2025,2
141,bbe82895-f33f-48ac-89c3-8bb6cac876a2,14/07/2025,2
141,bbe82895-f33f-48ac-89c3-8bb6cac876a2,21/07/2025,2
141,bbe82895-f33f-48ac-89c3-8bb6cac876a2,28/07/2025,2
141,cea83be4-5f52-4d3b-9b61-319828d20ee9,02/06/2025,1
141,cea83be4-5f52-4d3b-9b61-319828d20ee9,09/06/2025,1
141,cea83be4-5f52-4d3b-9b61-319828d20ee9,16/06/2025,1
141,cea83be4-5f52-4d3b-9b61-319828d20ee9,23/06/2025,1
141,cea83be4-5f52-4d3b-9b61-319828d20ee9,30/06/2025,1
141,cea83be4-5f52-4d3b-9b61-319828d20ee9,07/07/2025,1
141,cea83be4-5f52-4d3b-9b61-319828d20ee9,14/07/2025,1
141,cea83be4-5f52-4d3b-9b61-319828d20ee9,21/07/2025,1
141,cea83be4-5f52-4d3b-9b61-319828d20ee9,28/07/2025,1
158,3fa50da0-cbba-4896-b103-0f1480a66ff9,02/06/2025,0
158,3fa50da0-cbba-4896-b103-0f1480a66ff9,09/06/2025,0
158,3fa50da0-cbba-4896-b103-0f1480a66ff9,16/06/2025,0
158,3fa50da0-cbba-4896-b103-0f1480a66ff9,23/06/2025,0
158,3fa50da0-cbba-4896-b103-0f1480a66ff9,30/06/2025,0
158,3fa50da0-cbba-4896-b103-0f1480a66ff9,07/07/2025,0
158,3fa50da0-cbba-4896-b103-0f1480a66ff9,14/07/2025,0
158,3fa50da0-cbba-4896-b103-0f1480a66ff9,21/07/2025,0
158,3fa50da0-cbba-4896-b103-0f1480a66ff9,28/07/2025,0
158,bbe82895-f33f-48ac-89c3-8bb6cac876a2,02/06/2025,1
158,bbe82895-f33f-48ac-89c3-8bb6cac876a2,09/06/2025,1
158,bbe82895-f33f-48ac-89c3-8bb6cac876a2,16/06/2025,1
158,bbe82895-f33f-48ac-89c3-8bb6cac876a2,23/06/2025,1
158,bbe82895-f33f-48ac-89c3-8bb6cac876a2,30/06/2025,1
158,bbe82895-f33f-48ac-89c3-8bb6cac876a2,07/07/2025,1
158,bbe82895-f33f-48ac-89c3-8bb6cac876a2,14/07/2025,1
158,bbe82895-f33f-48ac-89c3-8bb6cac876a2,21/07/2025,1
158,bbe82895-f33f-48ac-89c3-8bb6cac876a2,28/07/2025,1
158,cea83be4-5f52-4d3b-9b61-319828d20ee9,02/06/2025,1
158,cea83be4-5f52-4d3b-9b61-319828d20ee9,09/06/2025,1
158,cea83be4-5f52-4d3b-9b61-319828d20ee9,16/06/2025,1
158,cea83be4-5f52-4d3b-9b61-319828d20ee9,23/06/2025,1
158,cea83be4-5f52-4d3b-9b61-319828d20ee9,30/06/2025,1
158,cea83be4-5f52-4d3b-9b61-319828d20ee9,07/07/2025,1
158,cea83be4-5f52-4d3b-9b61-319828d20ee9,14/07/2025,1
158,cea83be4-5f52-4d3b-9b61-319828d20ee9,21/07/2025,1
158,cea83be4-5f52-4d3b-9b61-319828d20ee9,28/07/2025,1
158,f738963d-c76f-464a-8053-5b8dba7c690e,02/06/2025,0
158,f738963d-c76f-464a-8053-5b8dba7c690e,09/06/2025,0
158,f738963d-c76f-464a-8053-5b8dba7c690e,16/06/2025,0
158,f738963d-c76f-464a-8053-5b8dba7c690e,23/06/2025,0
158,f738963d-c76f-464a-8053-5b8dba7c690e,30/06/2025,0
158,f738963d-c76f-464a-8053-5b8dba7c690e,07/07/2025,0
158,f738963d-c76f-464a-8053-5b8dba7c690e,14/07/2025,0
158,f738963d-c76f-464a-8053-5b8dba7c690e,21/07/2025,0
158,f738963d-c76f-464a-8053-5b8dba7c690e,28/07/2025,0
173,bbe82895-f33f-48ac-89c3-8bb6cac876a2,02/06/2025,1
173,bbe82895-f33f-48ac-89c3-8bb6cac876a2,09/06/2025,1
173,bbe82895-f33f-48ac-89c3-8bb6cac876a2,16/06/2025,1
173,bbe82895-f33f-48ac-89c3-8bb6cac876a2,23/06/2025,1
173,bbe82895-f33f-48ac-89c3-8bb6cac876a2,30/06/2025,1
173,bbe82895-f33f-48ac-89c3-8bb6cac876a2,07/07/2025,1
173,bbe82895-f33f-48ac-89c3-8bb6cac876a2,14/07/2025,1
173,bbe82895-f33f-48ac-89c3-8bb6cac876a2,21/07/2025,1
173,bbe82895-f33f-48ac-89c3-8bb6cac876a2,28/07/2025,1
173,cea83be4-5f52-4d3b-9b61-319828d20ee9,02/06/2025,0
173,cea83be4-5f52-4d3b-9b61-319828d20ee9,09/06/2025,0
173,cea83be4-5f52-4d3b-9b61-319828d20ee9,16/06/2025,0
173,cea83be4-5f52-4d3b-9b61-319828d20ee9,23/06/2025,0
173,cea83be4-5f52-4d3b-9b61-319828d20ee9,30/06/2025,0
173,cea83be4-5f52-4d3b-9b61-319828d20ee9,07/07/2025,0
173,cea83be4-5f52-4d3b-9b61-319828d20ee9,14/07/2025,0
173,cea83be4-5f52-4d3b-9b61-319828d20ee9,21/07/2025,0
173,cea83be4-5f52-4d3b-9b61-319828d20ee9,28/07/2025,0
173,f738963d-c76f-464a-8053-5b8dba7c690e,02/06/2025,0
173,f738963d-c76f-464a-8053-5b8dba7c690e,09/06/2025,0
173,f738963d-c76f-464a-8053-5b8dba7c690e,16/06/2025,0
173,f738963d-c76f-464a-8053-5b8dba7c690e,23/06/2025,0
173,f738963d-c76f-464a-8053-5b8dba7c690e,30/06/2025,0
173,f738963d-c76f-464a-8053-5b8dba7c690e,07/07/2025,0
173,f738963d-c76f-464a-8053-5b8dba7c690e,14/07/2025,0
173,f738963d-c76f-464a-8053-5b8dba7c690e,21/07/2025,0
173,f738963d-c76f-464a-8053-5b8dba7c690e,28/07/2025,0
178,bbe82895-f33f-48ac-89c3-8bb6cac876a2,02/06/2025,1
178,bbe82895-f33f-48ac-89c3-8bb6cac876a2,09/06/2025,1
178,bbe82895-f33f-48ac-89c3-8bb6cac876a2,16/06/2025,1
178,bbe82895-f33f-48ac-89c3-8bb6cac876a2,23/06/2025,1
178,bbe82895-f33f-48ac-89c3-8bb6cac876a2,30/06/2025,1
178,bbe82895-f33f-48ac-89c3-8bb6cac876a2,07/07/2025,1
178,bbe82895-f33f-48ac-89c3-8bb6cac876a2,14/07/2025,1
178,bbe82895-f33f-48ac-89c3-8bb6cac876a2,21/07/2025,1
178,bbe82895-f33f-48ac-89c3-8bb6cac876a2,28/07/2025,1
178,cea83be4-5f52-4d3b-9b61-319828d20ee9,02/06/2025,1
178,cea83be4-5f52-4d3b-9b61-319828d20ee9,09/06/2025,1
178,cea83be4-5f52-4d3b-9b61-319828d20ee9,16/06/2025,1
178,cea83be4-5f52-4d3b-9b61-319828d20ee9,23/06/2025,1
178,cea83be4-5f52-4d3b-9b61-319828d20ee9,30/06/2025,1
178,cea83be4-5f52-4d3b-9b61-319828d20ee9,07/07/2025,1
178,cea83be4-5f52-4d3b-9b61-319828d20ee9,14/07/2025,1
178,cea83be4-5f52-4d3b-9b61-319828d20ee9,21/07/2025,1
178,cea83be4-5f52-4d3b-9b61-319828d20ee9,28/07/2025,1
183,bbe82895-f33f-48ac-89c3-8bb6cac876a2,02/06/2025,1
183,bbe82895-f33f-48ac-89c3-8bb6cac876a2,09/06/2025,1
183,bbe82895-f33f-48ac-89c3-8bb6cac876a2,16/06/2025,1
183,bbe82895-f33f-48ac-89c3-8bb6cac876a2,23/06/2025,1
183,bbe82895-f33f-48ac-89c3-8bb6cac876a2,30/06/2025,1
183,bbe82895-f33f-48ac-89c3-8bb6cac876a2,07/07/2025,1
183,bbe82895-f33f-48ac-89c3-8bb6cac876a2,14/07/2025,1
183,bbe82895-f33f-48ac-89c3-8bb6cac876a2,21/07/2025,1
183,bbe82895-f33f-48ac-89c3-8bb6cac876a2,28/07/2025,1
183,cea83be4-5f52-4d3b-9b61-319828d20ee9,02/06/2025,1
183,cea83be4-5f52-4d3b-9b61-319828d20ee9,09/06/2025,1
183,cea83be4-5f52-4d3b-9b61-319828d20ee9,16/06/2025,1
183,cea83be4-5f52-4d3b-9b61-319828d20ee9,23/06/2025,1
183,cea83be4-5f52-4d3b-9b61-319828d20ee9,30/06/2025,1
183,cea83be4-5f52-4d3b-9b61-319828d20ee9,07/07/2025,1
183,cea83be4-5f52-4d3b-9b61-319828d20ee9,14/07/2025,1
183,cea83be4-5f52-4d3b-9b61-319828d20ee9,21/07/2025,1
183,cea83be4-5f52-4d3b-9b61-319828d20ee9,28/07/2025,1
183,f738963d-c76f-464a-8053-5b8dba7c690e,02/06/2025,0
183,f738963d-c76f-464a-8053-5b8dba7c690e,09/06/2025,0
183,f738963d-c76f-464a-8053-5b8dba7c690e,16/06/2025,0
183,f738963d-c76f-464a-8053-5b8dba7c690e,23/06/2025,0
183,f738963d-c76f-464a-8053-5b8dba7c690e,30/06/2025,0
183,f738963d-c76f-464a-8053-5b8dba7c690e,07/07/2025,0
183,f738963d-c76f-464a-8053-5b8dba7c690e,14/07/2025,0
183,f738963d-c76f-464a-8053-5b8dba7c690e,21/07/2025,0
183,f738963d-c76f-464a-8053-5b8dba7c690e,28/07/2025,0
184,bbe82895-f33f-48ac-89c3-8bb6cac876a2,02/06/2025,1
184,bbe82895-f33f-48ac-89c3-8bb6cac876a2,09/06/2025,1
184,bbe82895-f33f-48ac-89c3-8bb6cac876a2,16/06/2025,1
184,bbe82895-f33f-48ac-89c3-8bb6cac876a2,23/06/2025,1
184,bbe82895-f33f-48ac-89c3-8bb6cac876a2,30/06/2025,1
184,bbe82895-f33f-48ac-89c3-8bb6cac876a2,07/07/2025,1
184,bbe82895-f33f-48ac-89c3-8bb6cac876a2,14/07/2025,1
184,bbe82895-f33f-48ac-89c3-8bb6cac876a2,21/07/2025,1
184,bbe82895-f33f-48ac-89c3-8bb6cac876a2,28/07/2025,1
184,cea83be4-5f52-4d3b-9b61-319828d20ee9,02/06/2025,1
184,cea83be4-5f52-4d3b-9b61-319828d20ee9,09/06/2025,1
184,cea83be4-5f52-4d3b-9b61-319828d20ee9,16/06/2025,1
184,cea83be4-5f52-4d3b-9b61-319828d20ee9,23/06/2025,1
184,cea83be4-5f52-4d3b-9b61-319828d20ee9,30/06/2025,1
184,cea83be4-5f52-4d3b-9b61-319828d20ee9,07/07/2025,1
184,cea83be4-5f52-4d3b-9b61-319828d20ee9,14/07/2025,1
184,cea83be4-5f52-4d3b-9b61-319828d20ee9,21/07/2025,1
184,cea83be4-5f52-4d3b-9b61-319828d20ee9,28/07/2025,1
184,f738963d-c76f-464a-8053-5b8dba7c690e,02/06/2025,0
184,f738963d-c76f-464a-8053-5b8dba7c690e,09/06/2025,0
184,f738963d-c76f-464a-8053-5b8dba7c690e,16/06/2025,0
184,f738963d-c76f-464a-8053-5b8dba7c690e,23/06/2025,0
184,f738963d-c76f-464a-8053-5b8dba7c690e,30/06/2025,0
184,f738963d-c76f-464a-8053-5b8dba7c690e,07/07/2025,0
184,f738963d-c76f-464a-8053-5b8dba7c690e,14/07/2025,0
184,f738963d-c76f-464a-8053-5b8dba7c690e,21/07/2025,0
184,f738963d-c76f-464a-8053-5b8dba7c690e,28/07/2025,0
189,3fa50da0-cbba-4896-b103-0f1480a66ff9,02/06/2025,0
189,3fa50da0-cbba-4896-b103-0f1480a66ff9,09/06/2025,0
189,3fa50da0-cbba-4896-b103-0f1480a66ff9,16/06/2025,0
189,3fa50da0-cbba-4896-b103-0f1480a66ff9,23/06/2025,0
189,3fa50da0-cbba-4896-b103-0f1480a66ff9,30/06/2025,0
189,3fa50da0-cbba-4896-b103-0f1480a66ff9,07/07/2025,0
189,3fa50da0-cbba-4896-b103-0f1480a66ff9,14/07/2025,0
189,3fa50da0-cbba-4896-b103-0f1480a66ff9,21/07/2025,0
189,3fa50da0-cbba-4896-b103-0f1480a66ff9,28/07/2025,0
189,cea83be4-5f52-4d3b-9b61-319828d20ee9,02/06/2025,1
189,cea83be4-5f52-4d3b-9b61-319828d20ee9,09/06/2025,1
189,cea83be4-5f52-4d3b-9b61-319828d20ee9,16/06/2025,1
189,cea83be4-5f52-4d3b-9b61-319828d20ee9,23/06/2025,1
189,cea83be4-5f52-4d3b-9b61-319828d20ee9,30/06/2025,1
189,cea83be4-5f52-4d3b-9b61-319828d20ee9,07/07/2025,1
189,cea83be4-5f52-4d3b-9b61-319828d20ee9,14/07/2025,1
189,cea83be4-5f52-4d3b-9b61-319828d20ee9,21/07/2025,1
189,cea83be4-5f52-4d3b-9b61-319828d20ee9,28/07/2025,1
189,f738963d-c76f-464a-8053-5b8dba7c690e,02/06/2025,0
189,f738963d-c76f-464a-8053-5b8dba7c690e,09/06/2025,0
189,f738963d-c76f-464a-8053-5b8dba7c690e,16/06/2025,0
189,f738963d-c76f-464a-8053-5b8dba7c690e,23/06/2025,0
189,f738963d-c76f-464a-8053-5b8dba7c690e,30/06/2025,0
189,f738963d-c76f-464a-8053-5b8dba7c690e,07/07/2025,0
189,f738963d-c76f-464a-8053-5b8dba7c690e,14/07/2025,0
189,f738963d-c76f-464a-8053-5b8dba7c690e,21/07/2025,0
189,f738963d-c76f-464a-8053-5b8dba7c690e,28/07/2025,0
204,3fa50da0-cbba-4896-b103-0f1480a66ff9,02/06/2025,0
204,3fa50da0-cbba-4896-b103-0f1480a66ff9,09/06/2025,0
204,3fa50da0-cbba-4896-b103-0f1480a66ff9,16/06/2025,0
204,3fa50da0-cbba-4896-b103-0f1480a66ff9,23/06/2025,0
204,3fa50da0-cbba-4896-b103-0f1480a66ff9,30/06/2025,0
204,3fa50da0-cbba-4896-b103-0f1480a66ff9,07/07/2025,0
204,3fa50da0-cbba-4896-b103-0f1480a66ff9,14/07/2025,0
204,3fa50da0-cbba-4896-b103-0f1480a66ff9,21/07/2025,0
204,3fa50da0-cbba-4896-b103-0f1480a66ff9,28/07/2025,0
204,bbe82895-f33f-48ac-89c3-8bb6cac876a2,02/06/2025,1
204,bbe82895-f33f-48ac-89c3-8bb6cac876a2,09/06/2025,1
204,bbe82895-f33f-48ac-89c3-8bb6cac876a2,16/06/2025,1
204,bbe82895-f33f-48ac-89c3-8bb6cac876a2,23/06/2025,1
204,bbe82895-f33f-48ac-89c3-8bb6cac876a2,30/06/2025,1
204,bbe82895-f33f-48ac-89c3-8bb6cac876a2,07/07/2025,1
204,bbe82895-f33f-48ac-89c3-8bb6cac876a2,14/07/2025,1
204,bbe82895-f33f-48ac-89c3-8bb6cac876a2,21/07/2025,1
204,bbe82895-f33f-48ac-89c3-8bb6cac876a2,28/07/2025,1
204,cea83be4-5f52-4d3b-9b61-319828d20ee9,02/06/2025,0
204,cea83be4-5f52-4d3b-9b61-319828d20ee9,09/06/2025,0
204,cea83be4-5f52-4d3b-9b61-319828d20ee9,16/06/2025,0
204,cea83be4-5f52-4d3b-9b61-319828d20ee9,23/06/2025,0
204,cea83be4-5f52-4d3b-9b61-319828d20ee9,30/06/2025,0
204,cea83be4-5f52-4d3b-9b61-319828d20ee9,07/07/2025,0
204,cea83be4-5f52-4d3b-9b61-319828d20ee9,14/07/2025,0
204,cea83be4-5f52-4d3b-9b61-319828d20ee9,21/07/2025,0
204,cea83be4-5f52-4d3b-9b61-319828d20ee9,28/07/2025,0
204,f738963d-c76f-464a-8053-5b8dba7c690e,02/06/2025,0
204,f738963d-c76f-464a-8053-5b8dba7c690e,09/06/2025,0
204,f738963d-c76f-464a-8053-5b8dba7c690e,16/06/2025,0
204,f738963d-c76f-464a-8053-5b8dba7c690e,23/06/2025,0
204,f738963d-c76f-464a-8053-5b8dba7c690e,30/06/2025,0
204,f738963d-c76f-464a-8053-5b8dba7c690e,07/07/2025,0
204,f738963d-c76f-464a-8053-5b8dba7c690e,14/07/2025,0
204,f738963d-c76f-464a-8053-5b8dba7c690e,21/07/2025,0
204,f738963d-c76f-464a-8053-5b8dba7c690e,28/07/2025,0
208,bbe82895-f33f-48ac-89c3-8bb6cac876a2,02/06/2025,0
208,bbe82895-f33f-48ac-89c3-8bb6cac876a2,09/06/2025,0
208,bbe82895-f33f-48ac-89c3-8bb6cac876a2,16/06/2025,0
208,bbe82895-f33f-48ac-89c3-8bb6cac876a2,23/06/2025,0
208,bbe82895-f33f-48ac-89c3-8bb6cac876a2,30/06/2025,0
208,bbe82895-f33f-48ac-89c3-8bb6cac876a2,07/07/2025,0
208,bbe82895-f33f-48ac-89c3-8bb6cac876a2,14/07/2025,0
208,bbe82895-f33f-48ac-89c3-8bb6cac876a2,21/07/2025,0
208,bbe82895-f33f-48ac-89c3-8bb6cac876a2,28/07/2025,0
209,bbe82895-f33f-48ac-89c3-8bb6cac876a2,02/06/2025,0
209,bbe82895-f33f-48ac-89c3-8bb6cac876a2,09/06/2025,0
209,bbe82895-f33f-48ac-89c3-8bb6cac876a2,16/06/2025,0
209,bbe82895-f33f-48ac-89c3-8bb6cac876a2,23/06/2025,0
209,bbe82895-f33f-48ac-89c3-8bb6cac876a2,30/06/2025,0
209,bbe82895-f33f-48ac-89c3-8bb6cac876a2,07/07/2025,0
209,bbe82895-f33f-48ac-89c3-8bb6cac876a2,14/07/2025,0
209,bbe82895-f33f-48ac-89c3-8bb6cac876a2,21/07/2025,0
209,bbe82895-f33f-48ac-89c3-8bb6cac876a2,28/07/2025,0
21,3fa50da0-cbba-4896-b103-0f1480a66ff9,02/06/2025,0
21,3fa50da0-cbba-4896-b103-0f1480a66ff9,09/06/2025,0
21,3fa50da0-cbba-4896-b103-0f1480a66ff9,16/06/2025,0
21,3fa50da0-cbba-4896-b103-0f1480a66ff9,23/06/2025,0
21,3fa50da0-cbba-4896-b103-0f1480a66ff9,30/06/2025,0
21,3fa50da0-cbba-4896-b103-0f1480a66ff9,07/07/2025,0
21,3fa50da0-cbba-4896-b103-0f1480a66ff9,14/07/2025,0
21,3fa50da0-cbba-4896-b103-0f1480a66ff9,21/07/2025,0
21,3fa50da0-cbba-4896-b103-0f1480a66ff9,28/07/2025,0
21,bbe82895-f33f-48ac-89c3-8bb6cac876a2,02/06/2025,0
21,bbe82895-f33f-48ac-89c3-8bb6cac876a2,09/06/2025,0
21,bbe82895-f33f-48ac-89c3-8bb6cac876a2,16/06/2025,0
21,bbe82895-f33f-48ac-89c3-8bb6cac876a2,23/06/2025,0
21,bbe82895-f33f-48ac-89c3-8bb6cac876a2,30/06/2025,0
21,bbe82895-f33f-48ac-89c3-8bb6cac876a2,07/07/2025,0
21,bbe82895-f33f-48ac-89c3-8bb6cac876a2,14/07/2025,0
21,bbe82895-f33f-48ac-89c3-8bb6cac876a2,21/07/2025,0
21,bbe82895-f33f-48ac-89c3-8bb6cac876a2,28/07/2025,0
22,f738963d-c76f-464a-8053-5b8dba7c690e,02/06/2025,0
22,f738963d-c76f-464a-8053-5b8dba7c690e,09/06/2025,0
22,f738963d-c76f-464a-8053-5b8dba7c690e,16/06/2025,0
22,f738963d-c76f-464a-8053-5b8dba7c690e,23/06/2025,0
22,f738963d-c76f-464a-8053-5b8dba7c690e,30/06/2025,0
22,f738963d-c76f-464a-8053-5b8dba7c690e,07/07/2025,0
22,f738963d-c76f-464a-8053-5b8dba7c690e,14/07/2025,0
22,f738963d-c76f-464a-8053-5b8dba7c690e,21/07/2025,0
22,f738963d-c76f-464a-8053-5b8dba7c690e,28/07/2025,0
229,bbe82895-f33f-48ac-89c3-8bb6cac876a2,02/06/2025,0
229,bbe82895-f33f-48ac-89c3-8bb6cac876a2,09/06/2025,0
229,bbe82895-f33f-48ac-89c3-8bb6cac876a2,16/06/2025,0
229,bbe82895-f33f-48ac-89c3-8bb6cac876a2,23/06/2025,0
229,bbe82895-f33f-48ac-89c3-8bb6cac876a2,30/06/2025,0
229,bbe82895-f33f-48ac-89c3-8bb6cac876a2,07/07/2025,0
229,bbe82895-f33f-48ac-89c3-8bb6cac876a2,14/07/2025,0
229,bbe82895-f33f-48ac-89c3-8bb6cac876a2,21/07/2025,0
229,bbe82895-f33f-48ac-89c3-8bb6cac876a2,28/07/2025,0
249,f738963d-c76f-464a-8053-5b8dba7c690e,02/06/2025,0
249,f738963d-c76f-464a-8053-5b8dba7c690e,09/06/2025,0
249,f738963d-c76f-464a-8053-5b8dba7c690e,16/06/2025,0
249,f738963d-c76f-464a-8053-5b8dba7c690e,23/06/2025,0
249,f738963d-c76f-464a-8053-5b8dba7c690e,30/06/2025,0
249,f738963d-c76f-464a-8053-5b8dba7c690e,07/07/2025,0
249,f738963d-c76f-464a-8053-5b8dba7c690e,14/07/2025,0
249,f738963d-c76f-464a-8053-5b8dba7c690e,21/07/2025,0
249,f738963d-c76f-464a-8053-5b8dba7c690e,28/07/2025,0
27,cea83be4-5f52-4d3b-9b61-319828d20ee9,02/06/2025,0
27,cea83be4-5f52-4d3b-9b61-319828d20ee9,09/06/2025,0
27,cea83be4-5f52-4d3b-9b61-319828d20ee9,16/06/2025,0
27,cea83be4-5f52-4d3b-9b61-319828d20ee9,23/06/2025,0
27,cea83be4-5f52-4d3b-9b61-319828d20ee9,30/06/2025,0
27,cea83be4-5f52-4d3b-9b61-319828d20ee9,07/07/2025,0
27,cea83be4-5f52-4d3b-9b61-319828d20ee9,14/07/2025,0
27,cea83be4-5f52-4d3b-9b61-319828d20ee9,21/07/2025,0
27,cea83be4-5f52-4d3b-9b61-319828d20ee9,28/07/2025,0
27,f738963d-c76f-464a-8053-5b8dba7c690e,02/06/2025,0
27,f738963d-c76f-464a-8053-5b8dba7c690e,09/06/2025,0
27,f738963d-c76f-464a-8053-5b8dba7c690e,16/06/2025,0
27,f738963d-c76f-464a-8053-5b8dba7c690e,23/06/2025,0
27,f738963d-c76f-464a-8053-5b8dba7c690e,30/06/2025,0
27,f738963d-c76f-464a-8053-5b8dba7c690e,07/07/2025,0
27,f738963d-c76f-464a-8053-5b8dba7c690e,14/07/2025,0
27,f738963d-c76f-464a-8053-5b8dba7c690e,21/07/2025,0
27,f738963d-c76f-464a-8053-5b8dba7c690e,28/07/2025,0
28,cea83be4-5f52-4d3b-9b61-319828d20ee9,02/06/2025,0
28,cea83be4-5f52-4d3b-9b61-319828d20ee9,09/06/2025,0
28,cea83be4-5f52-4d3b-9b61-319828d20ee9,16/06/2025,0
28,cea83be4-5f52-4d3b-9b61-319828d20ee9,23/06/2025,0
28,cea83be4-5f52-4d3b-9b61-319828d20ee9,30/06/2025,0
28,cea83be4-5f52-4d3b-9b61-319828d20ee9,07/07/2025,0
28,cea83be4-5f52-4d3b-9b61-319828d20ee9,14/07/2025,0
28,cea83be4-5f52-4d3b-9b61-319828d20ee9,21/07/2025,0
28,cea83be4-5f52-4d3b-9b61-319828d20ee9,28/07/2025,0
28,f738963d-c76f-464a-8053-5b8dba7c690e,02/06/2025,0
28,f738963d-c76f-464a-8053-5b8dba7c690e,09/06/2025,0
28,f738963d-c76f-464a-8053-5b8dba7c690e,16/06/2025,0
28,f738963d-c76f-464a-8053-5b8dba7c690e,23/06/2025,0
28,f738963d-c76f-464a-8053-5b8dba7c690e,30/06/2025,0
28,f738963d-c76f-464a-8053-5b8dba7c690e,07/07/2025,0
28,f738963d-c76f-464a-8053-5b8dba7c690e,14/07/2025,0
28,f738963d-c76f-464a-8053-5b8dba7c690e,21/07/2025,0
28,f738963d-c76f-464a-8053-5b8dba7c690e,28/07/2025,0
308,bbe82895-f33f-48ac-89c3-8bb6cac876a2,02/06/2025,0
308,bbe82895-f33f-48ac-89c3-8bb6cac876a2,09/06/2025,0
308,bbe82895-f33f-48ac-89c3-8bb6cac876a2,16/06/2025,0
308,bbe82895-f33f-48ac-89c3-8bb6cac876a2,23/06/2025,0
308,bbe82895-f33f-48ac-89c3-8bb6cac876a2,30/06/2025,0
308,bbe82895-f33f-48ac-89c3-8bb6cac876a2,07/07/2025,0
308,bbe82895-f33f-48ac-89c3-8bb6cac876a2,14/07/2025,0
308,bbe82895-f33f-48ac-89c3-8bb6cac876a2,21/07/2025,0
308,bbe82895-f33f-48ac-89c3-8bb6cac876a2,28/07/2025,0
323,bbe82895-f33f-48ac-89c3-8bb6cac876a2,02/06/2025,0
323,bbe82895-f33f-48ac-89c3-8bb6cac876a2,09/06/2025,0
323,bbe82895-f33f-48ac-89c3-8bb6cac876a2,16/06/2025,0
323,bbe82895-f33f-48ac-89c3-8bb6cac876a2,23/06/2025,0
323,bbe82895-f33f-48ac-89c3-8bb6cac876a2,30/06/2025,0
323,bbe82895-f33f-48ac-89c3-8bb6cac876a2,07/07/2025,0
323,bbe82895-f33f-48ac-89c3-8bb6cac876a2,14/07/2025,0
323,bbe82895-f33f-48ac-89c3-8bb6cac876a2,21/07/2025,0
323,bbe82895-f33f-48ac-89c3-8bb6cac876a2,28/07/2025,0
323,cea83be4-5f52-4d3b-9b61-319828d20ee9,02/06/2025,0
323,cea83be4-5f52-4d3b-9b61-319828d20ee9,09/06/2025,0
323,cea83be4-5f52-4d3b-9b61-319828d20ee9,16/06/2025,0
323,cea83be4-5f52-4d3b-9b61-319828d20ee9,23/06/2025,0
323,cea83be4-5f52-4d3b-9b61-319828d20ee9,30/06/2025,0
323,cea83be4-5f52-4d3b-9b61-319828d20ee9,07/07/2025,0
323,cea83be4-5f52-4d3b-9b61-319828d20ee9,14/07/2025,0
323,cea83be4-5f52-4d3b-9b61-319828d20ee9,21/07/2025,0
323,cea83be4-5f52-4d3b-9b61-319828d20ee9,28/07/2025,0
325,bbe82895-f33f-48ac-89c3-8bb6cac876a2,02/06/2025,0
325,bbe82895-f33f-48ac-89c3-8bb6cac876a2,09/06/2025,0
325,bbe82895-f33f-48ac-89c3-8bb6cac876a2,16/06/2025,0
325,bbe82895-f33f-48ac-89c3-8bb6cac876a2,23/06/2025,0
325,bbe82895-f33f-48ac-89c3-8bb6cac876a2,30/06/2025,0
325,bbe82895-f33f-48ac-89c3-8bb6cac876a2,07/07/2025,0
325,bbe82895-f33f-48ac-89c3-8bb6cac876a2,14/07/2025,0
325,bbe82895-f33f-48ac-89c3-8bb6cac876a2,21/07/2025,0
325,bbe82895-f33f-48ac-89c3-8bb6cac876a2,28/07/2025,0
327,bbe82895-f33f-48ac-89c3-8bb6cac876a2,02/06/2025,0
327,bbe82895-f33f-48ac-89c3-8bb6cac876a2,09/06/2025,0
327,bbe82895-f33f-48ac-89c3-8bb6cac876a2,16/06/2025,0
327,bbe82895-f33f-48ac-89c3-8bb6cac876a2,23/06/2025,0
327,bbe82895-f33f-48ac-89c3-8bb6cac876a2,30/06/2025,0
327,bbe82895-f33f-48ac-89c3-8bb6cac876a2,07/07/2025,0
327,bbe82895-f33f-48ac-89c3-8bb6cac876a2,14/07/2025,0
327,bbe82895-f33f-48ac-89c3-8bb6cac876a2,21/07/2025,0
327,bbe82895-f33f-48ac-89c3-8bb6cac876a2,28/07/2025,0
328,bbe82895-f33f-48ac-89c3-8bb6cac876a2,02/06/2025,0
328,bbe82895-f33f-48ac-89c3-8bb6cac876a2,09/06/2025,0
328,bbe82895-f33f-48ac-89c3-8bb6cac876a2,16/06/2025,0
328,bbe82895-f33f-48ac-89c3-8bb6cac876a2,23/06/2025,0
328,bbe82895-f33f-48ac-89c3-8bb6cac876a2,30/06/2025,0
328,bbe82895-f33f-48ac-89c3-8bb6cac876a2,07/07/2025,0
328,bbe82895-f33f-48ac-89c3-8bb6cac876a2,14/07/2025,0
328,bbe82895-f33f-48ac-89c3-8bb6cac876a2,21/07/2025,0
328,bbe82895-f33f-48ac-89c3-8bb6cac876a2,28/07/2025,0
33,f738963d-c76f-464a-8053-5b8dba7c690e,02/06/2025,0
33,f738963d-c76f-464a-8053-5b8dba7c690e,09/06/2025,0
33,f738963d-c76f-464a-8053-5b8dba7c690e,16/06/2025,0
33,f738963d-c76f-464a-8053-5b8dba7c690e,23/06/2025,0
33,f738963d-c76f-464a-8053-5b8dba7c690e,30/06/2025,0
33,f738963d-c76f-464a-8053-5b8dba7c690e,07/07/2025,0
33,f738963d-c76f-464a-8053-5b8dba7c690e,14/07/2025,0
33,f738963d-c76f-464a-8053-5b8dba7c690e,21/07/2025,0
33,f738963d-c76f-464a-8053-5b8dba7c690e,28/07/2025,0
336,bbe82895-f33f-48ac-89c3-8bb6cac876a2,02/06/2025,0
336,bbe82895-f33f-48ac-89c3-8bb6cac876a2,09/06/2025,0
336,bbe82895-f33f-48ac-89c3-8bb6cac876a2,16/06/2025,0
336,bbe82895-f33f-48ac-89c3-8bb6cac876a2,23/06/2025,0
336,bbe82895-f33f-48ac-89c3-8bb6cac876a2,30/06/2025,0
336,bbe82895-f33f-48ac-89c3-8bb6cac876a2,07/07/2025,0
336,bbe82895-f33f-48ac-89c3-8bb6cac876a2,14/07/2025,0
336,bbe82895-f33f-48ac-89c3-8bb6cac876a2,21/07/2025,0
336,bbe82895-f33f-48ac-89c3-8bb6cac876a2,28/07/2025,0
351,bbe82895-f33f-48ac-89c3-8bb6cac876a2,02/06/2025,0
351,bbe82895-f33f-48ac-89c3-8bb6cac876a2,09/06/2025,0
351,bbe82895-f33f-48ac-89c3-8bb6cac876a2,16/06/2025,0
351,bbe82895-f33f-48ac-89c3-8bb6cac876a2,23/06/2025,0
351,bbe82895-f33f-48ac-89c3-8bb6cac876a2,30/06/2025,0
351,bbe82895-f33f-48ac-89c3-8bb6cac876a2,07/07/2025,0
351,bbe82895-f33f-48ac-89c3-8bb6cac876a2,14/07/2025,0
351,bbe82895-f33f-48ac-89c3-8bb6cac876a2,21/07/2025,0
351,bbe82895-f33f-48ac-89c3-8bb6cac876a2,28/07/2025,0
351,cea83be4-5f52-4d3b-9b61-319828d20ee9,02/06/2025,0
351,cea83be4-5f52-4d3b-9b61-319828d20ee9,09/06/2025,0
351,cea83be4-5f52-4d3b-9b61-319828d20ee9,16/06/2025,0
351,cea83be4-5f52-4d3b-9b61-319828d20ee9,23/06/2025,0
351,cea83be4-5f52-4d3b-9b61-319828d20ee9,30/06/2025,0
351,cea83be4-5f52-4d3b-9b61-319828d20ee9,07/07/2025,0
351,cea83be4-5f52-4d3b-9b61-319828d20ee9,14/07/2025,0
351,cea83be4-5f52-4d3b-9b61-319828d20ee9,21/07/2025,0
351,cea83be4-5f52-4d3b-9b61-319828d20ee9,28/07/2025,0
352,f738963d-c76f-464a-8053-5b8dba7c690e,02/06/2025,0
352,f738963d-c76f-464a-8053-5b8dba7c690e,09/06/2025,0
352,f738963d-c76f-464a-8053-5b8dba7c690e,16/06/2025,0
352,f738963d-c76f-464a-8053-5b8dba7c690e,23/06/2025,0
352,f738963d-c76f-464a-8053-5b8dba7c690e,30/06/2025,0
352,f738963d-c76f-464a-8053-5b8dba7c690e,07/07/2025,0
352,f738963d-c76f-464a-8053-5b8dba7c690e,14/07/2025,0
352,f738963d-c76f-464a-8053-5b8dba7c690e,21/07/2025,0
352,f738963d-c76f-464a-8053-5b8dba7c690e,28/07/2025,0
356,f738963d-c76f-464a-8053-5b8dba7c690e,02/06/2025,0
356,f738963d-c76f-464a-8053-5b8dba7c690e,09/06/2025,0
356,f738963d-c76f-464a-8053-5b8dba7c690e,16/06/2025,0
356,f738963d-c76f-464a-8053-5b8dba7c690e,23/06/2025,0
356,f738963d-c76f-464a-8053-5b8dba7c690e,30/06/2025,0
356,f738963d-c76f-464a-8053-5b8dba7c690e,07/07/2025,0
356,f738963d-c76f-464a-8053-5b8dba7c690e,14/07/2025,0
356,f738963d-c76f-464a-8053-5b8dba7c690e,21/07/2025,0
356,f738963d-c76f-464a-8053-5b8dba7c690e,28/07/2025,0
357,f738963d-c76f-464a-8053-5b8dba7c690e,02/06/2025,0
357,f738963d-c76f-464a-8053-5b8dba7c690e,09/06/2025,0
357,f738963d-c76f-464a-8053-5b8dba7c690e,16/06/2025,0
357,f738963d-c76f-464a-8053-5b8dba7c690e,23/06/2025,0
357,f738963d-c76f-464a-8053-5b8dba7c690e,30/06/2025,0
357,f738963d-c76f-464a-8053-5b8dba7c690e,07/07/2025,0
357,f738963d-c76f-464a-8053-5b8dba7c690e,14/07/2025,0
357,f738963d-c76f-464a-8053-5b8dba7c690e,21/07/2025,0
357,f738963d-c76f-464a-8053-5b8dba7c690e,28/07/2025,0
362,bbe82895-f33f-48ac-89c3-8bb6cac876a2,02/06/2025,1
362,bbe82895-f33f-48ac-89c3-8bb6cac876a2,09/06/2025,1
362,bbe82895-f33f-48ac-89c3-8bb6cac876a2,16/06/2025,1
362,bbe82895-f33f-48ac-89c3-8bb6cac876a2,23/06/2025,1
362,bbe82895-f33f-48ac-89c3-8bb6cac876a2,30/06/2025,1
362,bbe82895-f33f-48ac-89c3-8bb6cac876a2,07/07/2025,1
362,bbe82895-f33f-48ac-89c3-8bb6cac876a2,14/07/2025,1
362,bbe82895-f33f-48ac-89c3-8bb6cac876a2,21/07/2025,1
362,bbe82895-f33f-48ac-89c3-8bb6cac876a2,28/07/2025,1
372,bbe82895-f33f-48ac-89c3-8bb6cac876a2,02/06/2025,0
372,bbe82895-f33f-48ac-89c3-8bb6cac876a2,09/06/2025,0
372,bbe82895-f33f-48ac-89c3-8bb6cac876a2,16/06/2025,0
372,bbe82895-f33f-48ac-89c3-8bb6cac876a2,23/06/2025,0
372,bbe82895-f33f-48ac-89c3-8bb6cac876a2,30/06/2025,0
372,bbe82895-f33f-48ac-89c3-8bb6cac876a2,07/07/2025,0
372,bbe82895-f33f-48ac-89c3-8bb6cac876a2,14/07/2025,0
372,bbe82895-f33f-48ac-89c3-8bb6cac876a2,21/07/2025,0
372,bbe82895-f33f-48ac-89c3-8bb6cac876a2,28/07/2025,0
387,bbe82895-f33f-48ac-89c3-8bb6cac876a2,02/06/2025,1
387,bbe82895-f33f-48ac-89c3-8bb6cac876a2,09/06/2025,1
387,bbe82895-f33f-48ac-89c3-8bb6cac876a2,16/06/2025,1
387,bbe82895-f33f-48ac-89c3-8bb6cac876a2,23/06/2025,1
387,bbe82895-f33f-48ac-89c3-8bb6cac876a2,30/06/2025,1
387,bbe82895-f33f-48ac-89c3-8bb6cac876a2,07/07/2025,1
387,bbe82895-f33f-48ac-89c3-8bb6cac876a2,14/07/2025,1
387,bbe82895-f33f-48ac-89c3-8bb6cac876a2,21/07/2025,1
387,bbe82895-f33f-48ac-89c3-8bb6cac876a2,28/07/2025,1
387,cea83be4-5f52-4d3b-9b61-319828d20ee9,02/06/2025,0
387,cea83be4-5f52-4d3b-9b61-319828d20ee9,09/06/2025,0
387,cea83be4-5f52-4d3b-9b61-319828d20ee9,16/06/2025,0
387,cea83be4-5f52-4d3b-9b61-319828d20ee9,23/06/2025,0
387,cea83be4-5f52-4d3b-9b61-319828d20ee9,30/06/2025,0
387,cea83be4-5f52-4d3b-9b61-319828d20ee9,07/07/2025,0
387,cea83be4-5f52-4d3b-9b61-319828d20ee9,14/07/2025,0
387,cea83be4-5f52-4d3b-9b61-319828d20ee9,21/07/2025,0
387,cea83be4-5f52-4d3b-9b61-319828d20ee9,28/07/2025,0
387,f738963d-c76f-464a-8053-5b8dba7c690e,02/06/2025,0
387,f738963d-c76f-464a-8053-5b8dba7c690e,09/06/2025,0
387,f738963d-c76f-464a-8053-5b8dba7c690e,16/06/2025,0
387,f738963d-c76f-464a-8053-5b8dba7c690e,23/06/2025,0
387,f738963d-c76f-464a-8053-5b8dba7c690e,30/06/2025,0
387,f738963d-c76f-464a-8053-5b8dba7c690e,07/07/2025,0
387,f738963d-c76f-464a-8053-5b8dba7c690e,14/07/2025,0
387,f738963d-c76f-464a-8053-5b8dba7c690e,21/07/2025,0
387,f738963d-c76f-464a-8053-5b8dba7c690e,28/07/2025,0
39,bbe82895-f33f-48ac-89c3-8bb6cac876a2,02/06/2025,1
39,bbe82895-f33f-48ac-89c3-8bb6cac876a2,09/06/2025,1
39,bbe82895-f33f-48ac-89c3-8bb6cac876a2,16/06/2025,1
39,bbe82895-f33f-48ac-89c3-8bb6cac876a2,23/06/2025,1
39,bbe82895-f33f-48ac-89c3-8bb6cac876a2,30/06/2025,1
39,bbe82895-f33f-48ac-89c3-8bb6cac876a2,07/07/2025,1
39,bbe82895-f33f-48ac-89c3-8bb6cac876a2,14/07/2025,1
39,bbe82895-f33f-48ac-89c3-8bb6cac876a2,21/07/2025,1
39,bbe82895-f33f-48ac-89c3-8bb6cac876a2,28/07/2025,1
39,cea83be4-5f52-4d3b-9b61-319828d20ee9,02/06/2025,1
39,cea83be4-5f52-4d3b-9b61-319828d20ee9,09/06/2025,1
39,cea83be4-5f52-4d3b-9b61-319828d20ee9,16/06/2025,1
39,cea83be4-5f52-4d3b-9b61-319828d20ee9,23/06/2025,1
39,cea83be4-5f52-4d3b-9b61-319828d20ee9,30/06/2025,1
39,cea83be4-5f52-4d3b-9b61-319828d20ee9,07/07/2025,1
39,cea83be4-5f52-4d3b-9b61-319828d20ee9,14/07/2025,1
39,cea83be4-5f52-4d3b-9b61-319828d20ee9,21/07/2025,1
39,cea83be4-5f52-4d3b-9b61-319828d20ee9,28/07/2025,1
39,f738963d-c76f-464a-8053-5b8dba7c690e,02/06/2025,0
39,f738963d-c76f-464a-8053-5b8dba7c690e,09/06/2025,0
39,f738963d-c76f-464a-8053-5b8dba7c690e,16/06/2025,0
39,f738963d-c76f-464a-8053-5b8dba7c690e,23/06/2025,0
39,f738963d-c76f-464a-8053-5b8dba7c690e,30/06/2025,0
39,f738963d-c76f-464a-8053-5b8dba7c690e,07/07/2025,0
39,f738963d-c76f-464a-8053-5b8dba7c690e,14/07/2025,0
39,f738963d-c76f-464a-8053-5b8dba7c690e,21/07/2025,0
39,f738963d-c76f-464a-8053-5b8dba7c690e,28/07/2025,0
396,bbe82895-f33f-48ac-89c3-8bb6cac876a2,02/06/2025,0
396,bbe82895-f33f-48ac-89c3-8bb6cac876a2,09/06/2025,0
396,bbe82895-f33f-48ac-89c3-8bb6cac876a2,16/06/2025,0
396,bbe82895-f33f-48ac-89c3-8bb6cac876a2,23/06/2025,0
396,bbe82895-f33f-48ac-89c3-8bb6cac876a2,30/06/2025,0
396,bbe82895-f33f-48ac-89c3-8bb6cac876a2,07/07/2025,0
396,bbe82895-f33f-48ac-89c3-8bb6cac876a2,14/07/2025,0
396,bbe82895-f33f-48ac-89c3-8bb6cac876a2,21/07/2025,0
396,bbe82895-f33f-48ac-89c3-8bb6cac876a2,28/07/2025,0
396,cea83be4-5f52-4d3b-9b61-319828d20ee9,02/06/2025,0
396,cea83be4-5f52-4d3b-9b61-319828d20ee9,09/06/2025,0
396,cea83be4-5f52-4d3b-9b61-319828d20ee9,16/06/2025,0
396,cea83be4-5f52-4d3b-9b61-319828d20ee9,23/06/2025,0
396,cea83be4-5f52-4d3b-9b61-319828d20ee9,30/06/2025,0
396,cea83be4-5f52-4d3b-9b61-319828d20ee9,07/07/2025,0
396,cea83be4-5f52-4d3b-9b61-319828d20ee9,14/07/2025,0
396,cea83be4-5f52-4d3b-9b61-319828d20ee9,21/07/2025,0
396,cea83be4-5f52-4d3b-9b61-319828d20ee9,28/07/2025,0
40,3fa50da0-cbba-4896-b103-0f1480a66ff9,02/06/2025,0
40,3fa50da0-cbba-4896-b103-0f1480a66ff9,09/06/2025,0
40,3fa50da0-cbba-4896-b103-0f1480a66ff9,16/06/2025,0
40,3fa50da0-cbba-4896-b103-0f1480a66ff9,23/06/2025,0
40,3fa50da0-cbba-4896-b103-0f1480a66ff9,30/06/2025,0
40,3fa50da0-cbba-4896-b103-0f1480a66ff9,07/07/2025,0
40,3fa50da0-cbba-4896-b103-0f1480a66ff9,14/07/2025,0
40,3fa50da0-cbba-4896-b103-0f1480a66ff9,21/07/2025,0
40,3fa50da0-cbba-4896-b103-0f1480a66ff9,28/07/2025,0
40,bbe82895-f33f-48ac-89c3-8bb6cac876a2,02/06/2025,0
40,bbe82895-f33f-48ac-89c3-8bb6cac876a2,09/06/2025,0
40,bbe82895-f33f-48ac-89c3-8bb6cac876a2,16/06/2025,0
40,bbe82895-f33f-48ac-89c3-8bb6cac876a2,23/06/2025,0
40,bbe82895-f33f-48ac-89c3-8bb6cac876a2,30/06/2025,0
40,bbe82895-f33f-48ac-89c3-8bb6cac876a2,07/07/2025,0
40,bbe82895-f33f-48ac-89c3-8bb6cac876a2,14/07/2025,0
40,bbe82895-f33f-48ac-89c3-8bb6cac876a2,21/07/2025,0
40,bbe82895-f33f-48ac-89c3-8bb6cac876a2,28/07/2025,0
40,cea83be4-5f52-4d3b-9b61-319828d20ee9,02/06/2025,1
40,cea83be4-5f52-4d3b-9b61-319828d20ee9,09/06/2025,1
40,cea83be4-5f52-4d3b-9b61-319828d20ee9,16/06/2025,1
40,cea83be4-5f52-4d3b-9b61-319828d20ee9,23/06/2025,1
40,cea83be4-5f52-4d3b-9b61-319828d20ee9,30/06/2025,1
40,cea83be4-5f52-4d3b-9b61-319828d20ee9,07/07/2025,1
40,cea83be4-5f52-4d3b-9b61-319828d20ee9,14/07/2025,1
40,cea83be4-5f52-4d3b-9b61-319828d20ee9,21/07/2025,1
40,cea83be4-5f52-4d3b-9b61-319828d20ee9,28/07/2025,1
40,f738963d-c76f-464a-8053-5b8dba7c690e,02/06/2025,0
40,f738963d-c76f-464a-8053-5b8dba7c690e,09/06/2025,0
40,f738963d-c76f-464a-8053-5b8dba7c690e,16/06/2025,0
40,f738963d-c76f-464a-8053-5b8dba7c690e,23/06/2025,0
40,f738963d-c76f-464a-8053-5b8dba7c690e,30/06/2025,0
40,f738963d-c76f-464a-8053-5b8dba7c690e,07/07/2025,0
40,f738963d-c76f-464a-8053-5b8dba7c690e,14/07/2025,0
40,f738963d-c76f-464a-8053-5b8dba7c690e,21/07/2025,0
40,f738963d-c76f-464a-8053-5b8dba7c690e,28/07/2025,0
402,bbe82895-f33f-48ac-89c3-8bb6cac876a2,02/06/2025,0
402,bbe82895-f33f-48ac-89c3-8bb6cac876a2,09/06/2025,0
402,bbe82895-f33f-48ac-89c3-8bb6cac876a2,16/06/2025,0
402,bbe82895-f33f-48ac-89c3-8bb6cac876a2,23/06/2025,0
402,bbe82895-f33f-48ac-89c3-8bb6cac876a2,30/06/2025,0
402,bbe82895-f33f-48ac-89c3-8bb6cac876a2,07/07/2025,0
402,bbe82895-f33f-48ac-89c3-8bb6cac876a2,14/07/2025,0
402,bbe82895-f33f-48ac-89c3-8bb6cac876a2,21/07/2025,0
402,bbe82895-f33f-48ac-89c3-8bb6cac876a2,28/07/2025,0
436,bbe82895-f33f-48ac-89c3-8bb6cac876a2,02/06/2025,1
436,bbe82895-f33f-48ac-89c3-8bb6cac876a2,09/06/2025,1
436,bbe82895-f33f-48ac-89c3-8bb6cac876a2,16/06/2025,1
436,bbe82895-f33f-48ac-89c3-8bb6cac876a2,23/06/2025,1
436,bbe82895-f33f-48ac-89c3-8bb6cac876a2,30/06/2025,1
436,bbe82895-f33f-48ac-89c3-8bb6cac876a2,07/07/2025,1
436,bbe82895-f33f-48ac-89c3-8bb6cac876a2,14/07/2025,1
436,bbe82895-f33f-48ac-89c3-8bb6cac876a2,21/07/2025,1
436,bbe82895-f33f-48ac-89c3-8bb6cac876a2,28/07/2025,1
441,bbe82895-f33f-48ac-89c3-8bb6cac876a2,02/06/2025,1
441,bbe82895-f33f-48ac-89c3-8bb6cac876a2,09/06/2025,1
441,bbe82895-f33f-48ac-89c3-8bb6cac876a2,16/06/2025,1
441,bbe82895-f33f-48ac-89c3-8bb6cac876a2,23/06/2025,1
441,bbe82895-f33f-48ac-89c3-8bb6cac876a2,30/06/2025,1
441,bbe82895-f33f-48ac-89c3-8bb6cac876a2,07/07/2025,1
441,bbe82895-f33f-48ac-89c3-8bb6cac876a2,14/07/2025,1
441,bbe82895-f33f-48ac-89c3-8bb6cac876a2,21/07/2025,1
441,bbe82895-f33f-48ac-89c3-8bb6cac876a2,28/07/2025,1
441,cea83be4-5f52-4d3b-9b61-319828d20ee9,02/06/2025,0
441,cea83be4-5f52-4d3b-9b61-319828d20ee9,09/06/2025,0
441,cea83be4-5f52-4d3b-9b61-319828d20ee9,16/06/2025,0
441,cea83be4-5f52-4d3b-9b61-319828d20ee9,23/06/2025,0
441,cea83be4-5f52-4d3b-9b61-319828d20ee9,30/06/2025,0
441,cea83be4-5f52-4d3b-9b61-319828d20ee9,07/07/2025,0
441,cea83be4-5f52-4d3b-9b61-319828d20ee9,14/07/2025,0
441,cea83be4-5f52-4d3b-9b61-319828d20ee9,21/07/2025,0
441,cea83be4-5f52-4d3b-9b61-319828d20ee9,28/07/2025,0
46,bbe82895-f33f-48ac-89c3-8bb6cac876a2,02/06/2025,1
46,bbe82895-f33f-48ac-89c3-8bb6cac876a2,09/06/2025,1
46,bbe82895-f33f-48ac-89c3-8bb6cac876a2,16/06/2025,1
46,bbe82895-f33f-48ac-89c3-8bb6cac876a2,23/06/2025,1
46,bbe82895-f33f-48ac-89c3-8bb6cac876a2,30/06/2025,1
46,bbe82895-f33f-48ac-89c3-8bb6cac876a2,07/07/2025,1
46,bbe82895-f33f-48ac-89c3-8bb6cac876a2,14/07/2025,1
46,bbe82895-f33f-48ac-89c3-8bb6cac876a2,21/07/2025,1
46,bbe82895-f33f-48ac-89c3-8bb6cac876a2,28/07/2025,1
46,cea83be4-5f52-4d3b-9b61-319828d20ee9,02/06/2025,0
46,cea83be4-5f52-4d3b-9b61-319828d20ee9,09/06/2025,0
46,cea83be4-5f52-4d3b-9b61-319828d20ee9,16/06/2025,0
46,cea83be4-5f52-4d3b-9b61-319828d20ee9,23/06/2025,0
46,cea83be4-5f52-4d3b-9b61-319828d20ee9,30/06/2025,0
46,cea83be4-5f52-4d3b-9b61-319828d20ee9,07/07/2025,0
46,cea83be4-5f52-4d3b-9b61-319828d20ee9,14/07/2025,0
46,cea83be4-5f52-4d3b-9b61-319828d20ee9,21/07/2025,0
46,cea83be4-5f52-4d3b-9b61-319828d20ee9,28/07/2025,0
46,f738963d-c76f-464a-8053-5b8dba7c690e,02/06/2025,0
46,f738963d-c76f-464a-8053-5b8dba7c690e,09/06/2025,0
46,f738963d-c76f-464a-8053-5b8dba7c690e,16/06/2025,0
46,f738963d-c76f-464a-8053-5b8dba7c690e,23/06/2025,0
46,f738963d-c76f-464a-8053-5b8dba7c690e,30/06/2025,0
46,f738963d-c76f-464a-8053-5b8dba7c690e,07/07/2025,0
46,f738963d-c76f-464a-8053-5b8dba7c690e,14/07/2025,0
46,f738963d-c76f-464a-8053-5b8dba7c690e,21/07/2025,0
46,f738963d-c76f-464a-8053-5b8dba7c690e,28/07/2025,0
482,bbe82895-f33f-48ac-89c3-8bb6cac876a2,02/06/2025,1
482,bbe82895-f33f-48ac-89c3-8bb6cac876a2,09/06/2025,1
482,bbe82895-f33f-48ac-89c3-8bb6cac876a2,16/06/2025,1
482,bbe82895-f33f-48ac-89c3-8bb6cac876a2,23/06/2025,1
482,bbe82895-f33f-48ac-89c3-8bb6cac876a2,30/06/2025,1
482,bbe82895-f33f-48ac-89c3-8bb6cac876a2,07/07/2025,1
482,bbe82895-f33f-48ac-89c3-8bb6cac876a2,14/07/2025,1
482,bbe82895-f33f-48ac-89c3-8bb6cac876a2,21/07/2025,1
482,bbe82895-f33f-48ac-89c3-8bb6cac876a2,28/07/2025,1
486,bbe82895-f33f-48ac-89c3-8bb6cac876a2,02/06/2025,0
486,bbe82895-f33f-48ac-89c3-8bb6cac876a2,09/06/2025,0
486,bbe82895-f33f-48ac-89c3-8bb6cac876a2,16/06/2025,0
486,bbe82895-f33f-48ac-89c3-8bb6cac876a2,23/06/2025,0
486,bbe82895-f33f-48ac-89c3-8bb6cac876a2,30/06/2025,0
486,bbe82895-f33f-48ac-89c3-8bb6cac876a2,07/07/2025,0
486,bbe82895-f33f-48ac-89c3-8bb6cac876a2,14/07/2025,0
486,bbe82895-f33f-48ac-89c3-8bb6cac876a2,21/07/2025,0
486,bbe82895-f33f-48ac-89c3-8bb6cac876a2,28/07/2025,0
487,f738963d-c76f-464a-8053-5b8dba7c690e,02/06/2025,0
487,f738963d-c76f-464a-8053-5b8dba7c690e,09/06/2025,0
487,f738963d-c76f-464a-8053-5b8dba7c690e,16/06/2025,0
487,f738963d-c76f-464a-8053-5b8dba7c690e,23/06/2025,0
487,f738963d-c76f-464a-8053-5b8dba7c690e,30/06/2025,0
487,f738963d-c76f-464a-8053-5b8dba7c690e,07/07/2025,0
487,f738963d-c76f-464a-8053-5b8dba7c690e,14/07/2025,0
487,f738963d-c76f-464a-8053-5b8dba7c690e,21/07/2025,0
487,f738963d-c76f-464a-8053-5b8dba7c690e,28/07/2025,0
502,bbe82895-f33f-48ac-89c3-8bb6cac876a2,02/06/2025,1
502,bbe82895-f33f-48ac-89c3-8bb6cac876a2,09/06/2025,1
502,bbe82895-f33f-48ac-89c3-8bb6cac876a2,16/06/2025,1
502,bbe82895-f33f-48ac-89c3-8bb6cac876a2,23/06/2025,1
502,bbe82895-f33f-48ac-89c3-8bb6cac876a2,30/06/2025,1
502,bbe82895-f33f-48ac-89c3-8bb6cac876a2,07/07/2025,1
502,bbe82895-f33f-48ac-89c3-8bb6cac876a2,14/07/2025,1
502,bbe82895-f33f-48ac-89c3-8bb6cac876a2,21/07/2025,1
502,bbe82895-f33f-48ac-89c3-8bb6cac876a2,28/07/2025,1
540,bbe82895-f33f-48ac-89c3-8bb6cac876a2,02/06/2025,1
540,bbe82895-f33f-48ac-89c3-8bb6cac876a2,09/06/2025,1
540,bbe82895-f33f-48ac-89c3-8bb6cac876a2,16/06/2025,1
540,bbe82895-f33f-48ac-89c3-8bb6cac876a2,23/06/2025,1
540,bbe82895-f33f-48ac-89c3-8bb6cac876a2,30/06/2025,1
540,bbe82895-f33f-48ac-89c3-8bb6cac876a2,07/07/2025,1
540,bbe82895-f33f-48ac-89c3-8bb6cac876a2,14/07/2025,1
540,bbe82895-f33f-48ac-89c3-8bb6cac876a2,21/07/2025,1
540,bbe82895-f33f-48ac-89c3-8bb6cac876a2,28/07/2025,1
540,cea83be4-5f52-4d3b-9b61-319828d20ee9,02/06/2025,0
540,cea83be4-5f52-4d3b-9b61-319828d20ee9,09/06/2025,0
540,cea83be4-5f52-4d3b-9b61-319828d20ee9,16/06/2025,0
540,cea83be4-5f52-4d3b-9b61-319828d20ee9,23/06/2025,0
540,cea83be4-5f52-4d3b-9b61-319828d20ee9,30/06/2025,0
540,cea83be4-5f52-4d3b-9b61-319828d20ee9,07/07/2025,0
540,cea83be4-5f52-4d3b-9b61-319828d20ee9,14/07/2025,0
540,cea83be4-5f52-4d3b-9b61-319828d20ee9,21/07/2025,0
540,cea83be4-5f52-4d3b-9b61-319828d20ee9,28/07/2025,0
541,bbe82895-f33f-48ac-89c3-8bb6cac876a2,02/06/2025,1
541,bbe82895-f33f-48ac-89c3-8bb6cac876a2,09/06/2025,1
541,bbe82895-f33f-48ac-89c3-8bb6cac876a2,16/06/2025,1
541,bbe82895-f33f-48ac-89c3-8bb6cac876a2,23/06/2025,1
541,bbe82895-f33f-48ac-89c3-8bb6cac876a2,30/06/2025,1
541,bbe82895-f33f-48ac-89c3-8bb6cac876a2,07/07/2025,1
541,bbe82895-f33f-48ac-89c3-8bb6cac876a2,14/07/2025,1
541,bbe82895-f33f-48ac-89c3-8bb6cac876a2,21/07/2025,1
541,bbe82895-f33f-48ac-89c3-8bb6cac876a2,28/07/2025,1
541,cea83be4-5f52-4d3b-9b61-319828d20ee9,02/06/2025,0
541,cea83be4-5f52-4d3b-9b61-319828d20ee9,09/06/2025,0
541,cea83be4-5f52-4d3b-9b61-319828d20ee9,16/06/2025,0
541,cea83be4-5f52-4d3b-9b61-319828d20ee9,23/06/2025,0
541,cea83be4-5f52-4d3b-9b61-319828d20ee9,30/06/2025,0
541,cea83be4-5f52-4d3b-9b61-319828d20ee9,07/07/2025,0
541,cea83be4-5f52-4d3b-9b61-319828d20ee9,14/07/2025,0
541,cea83be4-5f52-4d3b-9b61-319828d20ee9,21/07/2025,0
541,cea83be4-5f52-4d3b-9b61-319828d20ee9,28/07/2025,0
541,f738963d-c76f-464a-8053-5b8dba7c690e,02/06/2025,0
541,f738963d-c76f-464a-8053-5b8dba7c690e,09/06/2025,0
541,f738963d-c76f-464a-8053-5b8dba7c690e,16/06/2025,0
541,f738963d-c76f-464a-8053-5b8dba7c690e,23/06/2025,0
541,f738963d-c76f-464a-8053-5b8dba7c690e,30/06/2025,0
541,f738963d-c76f-464a-8053-5b8dba7c690e,07/07/2025,0
541,f738963d-c76f-464a-8053-5b8dba7c690e,14/07/2025,0
541,f738963d-c76f-464a-8053-5b8dba7c690e,21/07/2025,0
541,f738963d-c76f-464a-8053-5b8dba7c690e,28/07/2025,0
545,bbe82895-f33f-48ac-89c3-8bb6cac876a2,02/06/2025,1
545,bbe82895-f33f-48ac-89c3-8bb6cac876a2,09/06/2025,1
545,bbe82895-f33f-48ac-89c3-8bb6cac876a2,16/06/2025,1
545,bbe82895-f33f-48ac-89c3-8bb6cac876a2,23/06/2025,1
545,bbe82895-f33f-48ac-89c3-8bb6cac876a2,30/06/2025,1
545,bbe82895-f33f-48ac-89c3-8bb6cac876a2,07/07/2025,1
545,bbe82895-f33f-48ac-89c3-8bb6cac876a2,14/07/2025,1
545,bbe82895-f33f-48ac-89c3-8bb6cac876a2,21/07/2025,1
545,bbe82895-f33f-48ac-89c3-8bb6cac876a2,28/07/2025,1
545,cea83be4-5f52-4d3b-9b61-319828d20ee9,02/06/2025,0
545,cea83be4-5f52-4d3b-9b61-319828d20ee9,09/06/2025,0
545,cea83be4-5f52-4d3b-9b61-319828d20ee9,16/06/2025,0
545,cea83be4-5f52-4d3b-9b61-319828d20ee9,23/06/2025,0
545,cea83be4-5f52-4d3b-9b61-319828d20ee9,30/06/2025,0
545,cea83be4-5f52-4d3b-9b61-319828d20ee9,07/07/2025,0
545,cea83be4-5f52-4d3b-9b61-319828d20ee9,14/07/2025,0
545,cea83be4-5f52-4d3b-9b61-319828d20ee9,21/07/2025,0
545,cea83be4-5f52-4d3b-9b61-319828d20ee9,28/07/2025,0
546,3fa50da0-cbba-4896-b103-0f1480a66ff9,02/06/2025,0
546,3fa50da0-cbba-4896-b103-0f1480a66ff9,09/06/2025,0
546,3fa50da0-cbba-4896-b103-0f1480a66ff9,16/06/2025,0
546,3fa50da0-cbba-4896-b103-0f1480a66ff9,23/06/2025,0
546,3fa50da0-cbba-4896-b103-0f1480a66ff9,30/06/2025,0
546,3fa50da0-cbba-4896-b103-0f1480a66ff9,07/07/2025,0
546,3fa50da0-cbba-4896-b103-0f1480a66ff9,14/07/2025,0
546,3fa50da0-cbba-4896-b103-0f1480a66ff9,21/07/2025,0
546,3fa50da0-cbba-4896-b103-0f1480a66ff9,28/07/2025,0
546,bbe82895-f33f-48ac-89c3-8bb6cac876a2,02/06/2025,1
546,bbe82895-f33f-48ac-89c3-8bb6cac876a2,09/06/2025,1
546,bbe82895-f33f-48ac-89c3-8bb6cac876a2,16/06/2025,1
546,bbe82895-f33f-48ac-89c3-8bb6cac876a2,23/06/2025,1
546,bbe82895-f33f-48ac-89c3-8bb6cac876a2,30/06/2025,1
546,bbe82895-f33f-48ac-89c3-8bb6cac876a2,07/07/2025,1
546,bbe82895-f33f-48ac-89c3-8bb6cac876a2,14/07/2025,1
546,bbe82895-f33f-48ac-89c3-8bb6cac876a2,21/07/2025,1
546,bbe82895-f33f-48ac-89c3-8bb6cac876a2,28/07/2025,1
546,cea83be4-5f52-4d3b-9b61-319828d20ee9,02/06/2025,1
546,cea83be4-5f52-4d3b-9b61-319828d20ee9,09/06/2025,1
546,cea83be4-5f52-4d3b-9b61-319828d20ee9,16/06/2025,1
546,cea83be4-5f52-4d3b-9b61-319828d20ee9,23/06/2025,1
546,cea83be4-5f52-4d3b-9b61-319828d20ee9,30/06/2025,1
546,cea83be4-5f52-4d3b-9b61-319828d20ee9,07/07/2025,1
546,cea83be4-5f52-4d3b-9b61-319828d20ee9,14/07/2025,1
546,cea83be4-5f52-4d3b-9b61-319828d20ee9,21/07/2025,1
546,cea83be4-5f52-4d3b-9b61-319828d20ee9,28/07/2025,1
546,f738963d-c76f-464a-8053-5b8dba7c690e,02/06/2025,0
546,f738963d-c76f-464a-8053-5b8dba7c690e,09/06/2025,0
546,f738963d-c76f-464a-8053-5b8dba7c690e,16/06/2025,0
546,f738963d-c76f-464a-8053-5b8dba7c690e,23/06/2025,0
546,f738963d-c76f-464a-8053-5b8dba7c690e,30/06/2025,0
546,f738963d-c76f-464a-8053-5b8dba7c690e,07/07/2025,0
546,f738963d-c76f-464a-8053-5b8dba7c690e,14/07/2025,0
546,f738963d-c76f-464a-8053-5b8dba7c690e,21/07/2025,0
546,f738963d-c76f-464a-8053-5b8dba7c690e,28/07/2025,0
548,3fa50da0-cbba-4896-b103-0f1480a66ff9,02/06/2025,0
548,3fa50da0-cbba-4896-b103-0f1480a66ff9,09/06/2025,0
548,3fa50da0-cbba-4896-b103-0f1480a66ff9,16/06/2025,0
548,3fa50da0-cbba-4896-b103-0f1480a66ff9,23/06/2025,0
548,3fa50da0-cbba-4896-b103-0f1480a66ff9,30/06/2025,0
548,3fa50da0-cbba-4896-b103-0f1480a66ff9,07/07/2025,0
548,3fa50da0-cbba-4896-b103-0f1480a66ff9,14/07/2025,0
548,3fa50da0-cbba-4896-b103-0f1480a66ff9,21/07/2025,0
548,3fa50da0-cbba-4896-b103-0f1480a66ff9,28/07/2025,0
548,bbe82895-f33f-48ac-89c3-8bb6cac876a2,02/06/2025,1
548,bbe82895-f33f-48ac-89c3-8bb6cac876a2,09/06/2025,1
548,bbe82895-f33f-48ac-89c3-8bb6cac876a2,16/06/2025,1
548,bbe82895-f33f-48ac-89c3-8bb6cac876a2,23/06/2025,1
548,bbe82895-f33f-48ac-89c3-8bb6cac876a2,30/06/2025,1
548,bbe82895-f33f-48ac-89c3-8bb6cac876a2,07/07/2025,1
548,bbe82895-f33f-48ac-89c3-8bb6cac876a2,14/07/2025,1
548,bbe82895-f33f-48ac-89c3-8bb6cac876a2,21/07/2025,1
548,bbe82895-f33f-48ac-89c3-8bb6cac876a2,28/07/2025,1
548,cea83be4-5f52-4d3b-9b61-319828d20ee9,02/06/2025,0
548,cea83be4-5f52-4d3b-9b61-319828d20ee9,09/06/2025,0
548,cea83be4-5f52-4d3b-9b61-319828d20ee9,16/06/2025,0
548,cea83be4-5f52-4d3b-9b61-319828d20ee9,23/06/2025,0
548,cea83be4-5f52-4d3b-9b61-319828d20ee9,30/06/2025,0
548,cea83be4-5f52-4d3b-9b61-319828d20ee9,07/07/2025,0
548,cea83be4-5f52-4d3b-9b61-319828d20ee9,14/07/2025,0
548,cea83be4-5f52-4d3b-9b61-319828d20ee9,21/07/2025,0
548,cea83be4-5f52-4d3b-9b61-319828d20ee9,28/07/2025,0
548,f738963d-c76f-464a-8053-5b8dba7c690e,02/06/2025,0
548,f738963d-c76f-464a-8053-5b8dba7c690e,09/06/2025,0
548,f738963d-c76f-464a-8053-5b8dba7c690e,16/06/2025,0
548,f738963d-c76f-464a-8053-5b8dba7c690e,23/06/2025,0
548,f738963d-c76f-464a-8053-5b8dba7c690e,30/06/2025,0
548,f738963d-c76f-464a-8053-5b8dba7c690e,07/07/2025,0
548,f738963d-c76f-464a-8053-5b8dba7c690e,14/07/2025,0
548,f738963d-c76f-464a-8053-5b8dba7c690e,21/07/2025,0
548,f738963d-c76f-464a-8053-5b8dba7c690e,28/07/2025,0
550,bbe82895-f33f-48ac-89c3-8bb6cac876a2,02/06/2025,1
550,bbe82895-f33f-48ac-89c3-8bb6cac876a2,09/06/2025,1
550,bbe82895-f33f-48ac-89c3-8bb6cac876a2,16/06/2025,1
550,bbe82895-f33f-48ac-89c3-8bb6cac876a2,23/06/2025,1
550,bbe82895-f33f-48ac-89c3-8bb6cac876a2,30/06/2025,1
550,bbe82895-f33f-48ac-89c3-8bb6cac876a2,07/07/2025,1
550,bbe82895-f33f-48ac-89c3-8bb6cac876a2,14/07/2025,1
550,bbe82895-f33f-48ac-89c3-8bb6cac876a2,21/07/2025,1
550,bbe82895-f33f-48ac-89c3-8bb6cac876a2,28/07/2025,1
551,3fa50da0-cbba-4896-b103-0f1480a66ff9,02/06/2025,0
551,3fa50da0-cbba-4896-b103-0f1480a66ff9,09/06/2025,0
551,3fa50da0-cbba-4896-b103-0f1480a66ff9,16/06/2025,0
551,3fa50da0-cbba-4896-b103-0f1480a66ff9,23/06/2025,0
551,3fa50da0-cbba-4896-b103-0f1480a66ff9,30/06/2025,0
551,3fa50da0-cbba-4896-b103-0f1480a66ff9,07/07/2025,0
551,3fa50da0-cbba-4896-b103-0f1480a66ff9,14/07/2025,0
551,3fa50da0-cbba-4896-b103-0f1480a66ff9,21/07/2025,0
551,3fa50da0-cbba-4896-b103-0f1480a66ff9,28/07/2025,0
551,bbe82895-f33f-48ac-89c3-8bb6cac876a2,02/06/2025,1
551,bbe82895-f33f-48ac-89c3-8bb6cac876a2,09/06/2025,1
551,bbe82895-f33f-48ac-89c3-8bb6cac876a2,16/06/2025,1
551,bbe82895-f33f-48ac-89c3-8bb6cac876a2,23/06/2025,1
551,bbe82895-f33f-48ac-89c3-8bb6cac876a2,30/06/2025,1
551,bbe82895-f33f-48ac-89c3-8bb6cac876a2,07/07/2025,1
551,bbe82895-f33f-48ac-89c3-8bb6cac876a2,14/07/2025,1
551,bbe82895-f33f-48ac-89c3-8bb6cac876a2,21/07/2025,1
551,bbe82895-f33f-48ac-89c3-8bb6cac876a2,28/07/2025,1
551,cea83be4-5f52-4d3b-9b61-319828d20ee9,02/06/2025,0
551,cea83be4-5f52-4d3b-9b61-319828d20ee9,09/06/2025,0
551,cea83be4-5f52-4d3b-9b61-319828d20ee9,16/06/2025,0
551,cea83be4-5f52-4d3b-9b61-319828d20ee9,23/06/2025,0
551,cea83be4-5f52-4d3b-9b61-319828d20ee9,30/06/2025,0
551,cea83be4-5f52-4d3b-9b61-319828d20ee9,07/07/2025,0
551,cea83be4-5f52-4d3b-9b61-319828d20ee9,14/07/2025,0
551,cea83be4-5f52-4d3b-9b61-319828d20ee9,21/07/2025,0
551,cea83be4-5f52-4d3b-9b61-319828d20ee9,28/07/2025,0
551,f738963d-c76f-464a-8053-5b8dba7c690e,02/06/2025,0
551,f738963d-c76f-464a-8053-5b8dba7c690e,09/06/2025,0
551,f738963d-c76f-464a-8053-5b8dba7c690e,16/06/2025,0
551,f738963d-c76f-464a-8053-5b8dba7c690e,23/06/2025,0
551,f738963d-c76f-464a-8053-5b8dba7c690e,30/06/2025,0
551,f738963d-c76f-464a-8053-5b8dba7c690e,07/07/2025,0
551,f738963d-c76f-464a-8053-5b8dba7c690e,14/07/2025,0
551,f738963d-c76f-464a-8053-5b8dba7c690e,21/07/2025,0
551,f738963d-c76f-464a-8053-5b8dba7c690e,28/07/2025,0
553,3fa50da0-cbba-4896-b103-0f1480a66ff9,02/06/2025,0
553,3fa50da0-cbba-4896-b103-0f1480a66ff9,09/06/2025,0
553,3fa50da0-cbba-4896-b103-0f1480a66ff9,16/06/2025,0
553,3fa50da0-cbba-4896-b103-0f1480a66ff9,23/06/2025,0
553,3fa50da0-cbba-4896-b103-0f1480a66ff9,30/06/2025,0
553,3fa50da0-cbba-4896-b103-0f1480a66ff9,07/07/2025,0
553,3fa50da0-cbba-4896-b103-0f1480a66ff9,14/07/2025,0
553,3fa50da0-cbba-4896-b103-0f1480a66ff9,21/07/2025,0
553,3fa50da0-cbba-4896-b103-0f1480a66ff9,28/07/2025,0
553,bbe82895-f33f-48ac-89c3-8bb6cac876a2,02/06/2025,1
553,bbe82895-f33f-48ac-89c3-8bb6cac876a2,09/06/2025,1
553,bbe82895-f33f-48ac-89c3-8bb6cac876a2,16/06/2025,1
553,bbe82895-f33f-48ac-89c3-8bb6cac876a2,23/06/2025,1
553,bbe82895-f33f-48ac-89c3-8bb6cac876a2,30/06/2025,1
553,bbe82895-f33f-48ac-89c3-8bb6cac876a2,07/07/2025,1
553,bbe82895-f33f-48ac-89c3-8bb6cac876a2,14/07/2025,1
553,bbe82895-f33f-48ac-89c3-8bb6cac876a2,21/07/2025,1
553,bbe82895-f33f-48ac-89c3-8bb6cac876a2,28/07/2025,1
553,cea83be4-5f52-4d3b-9b61-319828d20ee9,02/06/2025,1
553,cea83be4-5f52-4d3b-9b61-319828d20ee9,09/06/2025,1
553,cea83be4-5f52-4d3b-9b61-319828d20ee9,16/06/2025,1
553,cea83be4-5f52-4d3b-9b61-319828d20ee9,23/06/2025,1
553,cea83be4-5f52-4d3b-9b61-319828d20ee9,30/06/2025,1
553,cea83be4-5f52-4d3b-9b61-319828d20ee9,07/07/2025,1
553,cea83be4-5f52-4d3b-9b61-319828d20ee9,14/07/2025,1
553,cea83be4-5f52-4d3b-9b61-319828d20ee9,21/07/2025,1
553,cea83be4-5f52-4d3b-9b61-319828d20ee9,28/07/2025,1
553,f738963d-c76f-464a-8053-5b8dba7c690e,02/06/2025,0
553,f738963d-c76f-464a-8053-5b8dba7c690e,09/06/2025,0
553,f738963d-c76f-464a-8053-5b8dba7c690e,16/06/2025,0
553,f738963d-c76f-464a-8053-5b8dba7c690e,23/06/2025,0
553,f738963d-c76f-464a-8053-5b8dba7c690e,30/06/2025,0
553,f738963d-c76f-464a-8053-5b8dba7c690e,07/07/2025,0
553,f738963d-c76f-464a-8053-5b8dba7c690e,14/07/2025,0
553,f738963d-c76f-464a-8053-5b8dba7c690e,21/07/2025,0
553,f738963d-c76f-464a-8053-5b8dba7c690e,28/07/2025,0
554,bbe82895-f33f-48ac-89c3-8bb6cac876a2,02/06/2025,1
554,bbe82895-f33f-48ac-89c3-8bb6cac876a2,09/06/2025,1
554,bbe82895-f33f-48ac-89c3-8bb6cac876a2,16/06/2025,1
554,bbe82895-f33f-48ac-89c3-8bb6cac876a2,23/06/2025,1
554,bbe82895-f33f-48ac-89c3-8bb6cac876a2,30/06/2025,1
554,bbe82895-f33f-48ac-89c3-8bb6cac876a2,07/07/2025,1
554,bbe82895-f33f-48ac-89c3-8bb6cac876a2,14/07/2025,1
554,bbe82895-f33f-48ac-89c3-8bb6cac876a2,21/07/2025,1
554,bbe82895-f33f-48ac-89c3-8bb6cac876a2,28/07/2025,1
555,bbe82895-f33f-48ac-89c3-8bb6cac876a2,02/06/2025,1
555,bbe82895-f33f-48ac-89c3-8bb6cac876a2,09/06/2025,1
555,bbe82895-f33f-48ac-89c3-8bb6cac876a2,16/06/2025,1
555,bbe82895-f33f-48ac-89c3-8bb6cac876a2,23/06/2025,1
555,bbe82895-f33f-48ac-89c3-8bb6cac876a2,30/06/2025,1
555,bbe82895-f33f-48ac-89c3-8bb6cac876a2,07/07/2025,1
555,bbe82895-f33f-48ac-89c3-8bb6cac876a2,14/07/2025,1
555,bbe82895-f33f-48ac-89c3-8bb6cac876a2,21/07/2025,1
555,bbe82895-f33f-48ac-89c3-8bb6cac876a2,28/07/2025,1
555,cea83be4-5f52-4d3b-9b61-319828d20ee9,02/06/2025,0
555,cea83be4-5f52-4d3b-9b61-319828d20ee9,09/06/2025,0
555,cea83be4-5f52-4d3b-9b61-319828d20ee9,16/06/2025,0
555,cea83be4-5f52-4d3b-9b61-319828d20ee9,23/06/2025,0
555,cea83be4-5f52-4d3b-9b61-319828d20ee9,30/06/2025,0
555,cea83be4-5f52-4d3b-9b61-319828d20ee9,07/07/2025,0
555,cea83be4-5f52-4d3b-9b61-319828d20ee9,14/07/2025,0
555,cea83be4-5f52-4d3b-9b61-319828d20ee9,21/07/2025,0
555,cea83be4-5f52-4d3b-9b61-319828d20ee9,28/07/2025,0
556,3fa50da0-cbba-4896-b103-0f1480a66ff9,02/06/2025,0
556,3fa50da0-cbba-4896-b103-0f1480a66ff9,09/06/2025,0
556,3fa50da0-cbba-4896-b103-0f1480a66ff9,16/06/2025,0
556,3fa50da0-cbba-4896-b103-0f1480a66ff9,23/06/2025,0
556,3fa50da0-cbba-4896-b103-0f1480a66ff9,30/06/2025,0
556,3fa50da0-cbba-4896-b103-0f1480a66ff9,07/07/2025,0
556,3fa50da0-cbba-4896-b103-0f1480a66ff9,14/07/2025,0
556,3fa50da0-cbba-4896-b103-0f1480a66ff9,21/07/2025,0
556,3fa50da0-cbba-4896-b103-0f1480a66ff9,28/07/2025,0
556,bbe82895-f33f-48ac-89c3-8bb6cac876a2,02/06/2025,1
556,bbe82895-f33f-48ac-89c3-8bb6cac876a2,09/06/2025,1
556,bbe82895-f33f-48ac-89c3-8bb6cac876a2,16/06/2025,1
556,bbe82895-f33f-48ac-89c3-8bb6cac876a2,23/06/2025,1
556,bbe82895-f33f-48ac-89c3-8bb6cac876a2,30/06/2025,1
556,bbe82895-f33f-48ac-89c3-8bb6cac876a2,07/07/2025,1
556,bbe82895-f33f-48ac-89c3-8bb6cac876a2,14/07/2025,1
556,bbe82895-f33f-48ac-89c3-8bb6cac876a2,21/07/2025,1
556,bbe82895-f33f-48ac-89c3-8bb6cac876a2,28/07/2025,1
556,cea83be4-5f52-4d3b-9b61-319828d20ee9,02/06/2025,0
556,cea83be4-5f52-4d3b-9b61-319828d20ee9,09/06/2025,0
556,cea83be4-5f52-4d3b-9b61-319828d20ee9,16/06/2025,0
556,cea83be4-5f52-4d3b-9b61-319828d20ee9,23/06/2025,0
556,cea83be4-5f52-4d3b-9b61-319828d20ee9,30/06/2025,0
556,cea83be4-5f52-4d3b-9b61-319828d20ee9,07/07/2025,0
556,cea83be4-5f52-4d3b-9b61-319828d20ee9,14/07/2025,0
556,cea83be4-5f52-4d3b-9b61-319828d20ee9,21/07/2025,0
556,cea83be4-5f52-4d3b-9b61-319828d20ee9,28/07/2025,0
557,bbe82895-f33f-48ac-89c3-8bb6cac876a2,02/06/2025,1
557,bbe82895-f33f-48ac-89c3-8bb6cac876a2,09/06/2025,1
557,bbe82895-f33f-48ac-89c3-8bb6cac876a2,16/06/2025,1
557,bbe82895-f33f-48ac-89c3-8bb6cac876a2,23/06/2025,1
557,bbe82895-f33f-48ac-89c3-8bb6cac876a2,30/06/2025,1
557,bbe82895-f33f-48ac-89c3-8bb6cac876a2,07/07/2025,1
557,bbe82895-f33f-48ac-89c3-8bb6cac876a2,14/07/2025,1
557,bbe82895-f33f-48ac-89c3-8bb6cac876a2,21/07/2025,1
557,bbe82895-f33f-48ac-89c3-8bb6cac876a2,28/07/2025,1
558,bbe82895-f33f-48ac-89c3-8bb6cac876a2,02/06/2025,1
558,bbe82895-f33f-48ac-89c3-8bb6cac876a2,09/06/2025,1
558,bbe82895-f33f-48ac-89c3-8bb6cac876a2,16/06/2025,1
558,bbe82895-f33f-48ac-89c3-8bb6cac876a2,23/06/2025,1
558,bbe82895-f33f-48ac-89c3-8bb6cac876a2,30/06/2025,1
558,bbe82895-f33f-48ac-89c3-8bb6cac876a2,07/07/2025,1
558,bbe82895-f33f-48ac-89c3-8bb6cac876a2,14/07/2025,1
558,bbe82895-f33f-48ac-89c3-8bb6cac876a2,21/07/2025,1
558,bbe82895-f33f-48ac-89c3-8bb6cac876a2,28/07/2025,1
559,bbe82895-f33f-48ac-89c3-8bb6cac876a2,02/06/2025,3
559,bbe82895-f33f-48ac-89c3-8bb6cac876a2,09/06/2025,3
559,bbe82895-f33f-48ac-89c3-8bb6cac876a2,16/06/2025,3
559,bbe82895-f33f-48ac-89c3-8bb6cac876a2,23/06/2025,3
559,bbe82895-f33f-48ac-89c3-8bb6cac876a2,30/06/2025,3
559,bbe82895-f33f-48ac-89c3-8bb6cac876a2,07/07/2025,3
559,bbe82895-f33f-48ac-89c3-8bb6cac876a2,14/07/2025,3
559,bbe82895-f33f-48ac-89c3-8bb6cac876a2,21/07/2025,3
559,bbe82895-f33f-48ac-89c3-8bb6cac876a2,28/07/2025,3
560,bbe82895-f33f-48ac-89c3-8bb6cac876a2,02/06/2025,1
560,bbe82895-f33f-48ac-89c3-8bb6cac876a2,09/06/2025,1
560,bbe82895-f33f-48ac-89c3-8bb6cac876a2,16/06/2025,1
560,bbe82895-f33f-48ac-89c3-8bb6cac876a2,23/06/2025,1
560,bbe82895-f33f-48ac-89c3-8bb6cac876a2,30/06/2025,1
560,bbe82895-f33f-48ac-89c3-8bb6cac876a2,07/07/2025,1
560,bbe82895-f33f-48ac-89c3-8bb6cac876a2,14/07/2025,1
560,bbe82895-f33f-48ac-89c3-8bb6cac876a2,21/07/2025,1
560,bbe82895-f33f-48ac-89c3-8bb6cac876a2,28/07/2025,1
560,cea83be4-5f52-4d3b-9b61-319828d20ee9,02/06/2025,0
560,cea83be4-5f52-4d3b-9b61-319828d20ee9,09/06/2025,0
560,cea83be4-5f52-4d3b-9b61-319828d20ee9,16/06/2025,0
560,cea83be4-5f52-4d3b-9b61-319828d20ee9,23/06/2025,0
560,cea83be4-5f52-4d3b-9b61-319828d20ee9,30/06/2025,0
560,cea83be4-5f52-4d3b-9b61-319828d20ee9,07/07/2025,0
560,cea83be4-5f52-4d3b-9b61-319828d20ee9,14/07/2025,0
560,cea83be4-5f52-4d3b-9b61-319828d20ee9,21/07/2025,0
560,cea83be4-5f52-4d3b-9b61-319828d20ee9,28/07/2025,0
560,f738963d-c76f-464a-8053-5b8dba7c690e,02/06/2025,0
560,f738963d-c76f-464a-8053-5b8dba7c690e,09/06/2025,0
560,f738963d-c76f-464a-8053-5b8dba7c690e,16/06/2025,0
560,f738963d-c76f-464a-8053-5b8dba7c690e,23/06/2025,0
560,f738963d-c76f-464a-8053-5b8dba7c690e,30/06/2025,0
560,f738963d-c76f-464a-8053-5b8dba7c690e,07/07/2025,0
560,f738963d-c76f-464a-8053-5b8dba7c690e,14/07/2025,0
560,f738963d-c76f-464a-8053-5b8dba7c690e,21/07/2025,0
560,f738963d-c76f-464a-8053-5b8dba7c690e,28/07/2025,0
58,bbe82895-f33f-48ac-89c3-8bb6cac876a2,02/06/2025,1
58,bbe82895-f33f-48ac-89c3-8bb6cac876a2,09/06/2025,1
58,bbe82895-f33f-48ac-89c3-8bb6cac876a2,16/06/2025,1
58,bbe82895-f33f-48ac-89c3-8bb6cac876a2,23/06/2025,1
58,bbe82895-f33f-48ac-89c3-8bb6cac876a2,30/06/2025,1
58,bbe82895-f33f-48ac-89c3-8bb6cac876a2,07/07/2025,1
58,bbe82895-f33f-48ac-89c3-8bb6cac876a2,14/07/2025,1
58,bbe82895-f33f-48ac-89c3-8bb6cac876a2,21/07/2025,1
58,bbe82895-f33f-48ac-89c3-8bb6cac876a2,28/07/2025,1
75,bbe82895-f33f-48ac-89c3-8bb6cac876a2,02/06/2025,1
75,bbe82895-f33f-48ac-89c3-8bb6cac876a2,09/06/2025,1
75,bbe82895-f33f-48ac-89c3-8bb6cac876a2,16/06/2025,1
75,bbe82895-f33f-48ac-89c3-8bb6cac876a2,23/06/2025,1
75,bbe82895-f33f-48ac-89c3-8bb6cac876a2,30/06/2025,1
75,bbe82895-f33f-48ac-89c3-8bb6cac876a2,07/07/2025,1
75,bbe82895-f33f-48ac-89c3-8bb6cac876a2,14/07/2025,1
75,bbe82895-f33f-48ac-89c3-8bb6cac876a2,21/07/2025,1
75,bbe82895-f33f-48ac-89c3-8bb6cac876a2,28/07/2025,1
75,cea83be4-5f52-4d3b-9b61-319828d20ee9,02/06/2025,0
75,cea83be4-5f52-4d3b-9b61-319828d20ee9,09/06/2025,0
75,cea83be4-5f52-4d3b-9b61-319828d20ee9,16/06/2025,0
75,cea83be4-5f52-4d3b-9b61-319828d20ee9,23/06/2025,0
75,cea83be4-5f52-4d3b-9b61-319828d20ee9,30/06/2025,0
75,cea83be4-5f52-4d3b-9b61-319828d20ee9,07/07/2025,0
75,cea83be4-5f52-4d3b-9b61-319828d20ee9,14/07/2025,0
75,cea83be4-5f52-4d3b-9b61-319828d20ee9,21/07/2025,0
75,cea83be4-5f52-4d3b-9b61-319828d20ee9,28/07/2025,0
75,f738963d-c76f-464a-8053-5b8dba7c690e,02/06/2025,0
75,f738963d-c76f-464a-8053-5b8dba7c690e,09/06/2025,0
75,f738963d-c76f-464a-8053-5b8dba7c690e,16/06/2025,0
75,f738963d-c76f-464a-8053-5b8dba7c690e,23/06/2025,0
75,f738963d-c76f-464a-8053-5b8dba7c690e,30/06/2025,0
75,f738963d-c76f-464a-8053-5b8dba7c690e,07/07/2025,0
75,f738963d-c76f-464a-8053-5b8dba7c690e,14/07/2025,0
75,f738963d-c76f-464a-8053-5b8dba7c690e,21/07/2025,0
75,f738963d-c76f-464a-8053-5b8dba7c690e,28/07/2025,0
81,bbe82895-f33f-48ac-89c3-8bb6cac876a2,02/06/2025,1
81,bbe82895-f33f-48ac-89c3-8bb6cac876a2,09/06/2025,1
81,bbe82895-f33f-48ac-89c3-8bb6cac876a2,16/06/2025,1
81,bbe82895-f33f-48ac-89c3-8bb6cac876a2,23/06/2025,1
81,bbe82895-f33f-48ac-89c3-8bb6cac876a2,30/06/2025,1
81,bbe82895-f33f-48ac-89c3-8bb6cac876a2,07/07/2025,1
81,bbe82895-f33f-48ac-89c3-8bb6cac876a2,14/07/2025,1
81,bbe82895-f33f-48ac-89c3-8bb6cac876a2,21/07/2025,1
81,bbe82895-f33f-48ac-89c3-8bb6cac876a2,28/07/2025,1
82,3fa50da0-cbba-4896-b103-0f1480a66ff9,02/06/2025,0
82,3fa50da0-cbba-4896-b103-0f1480a66ff9,09/06/2025,0
82,3fa50da0-cbba-4896-b103-0f1480a66ff9,16/06/2025,0
82,3fa50da0-cbba-4896-b103-0f1480a66ff9,23/06/2025,0
82,3fa50da0-cbba-4896-b103-0f1480a66ff9,30/06/2025,0
82,3fa50da0-cbba-4896-b103-0f1480a66ff9,07/07/2025,0
82,3fa50da0-cbba-4896-b103-0f1480a66ff9,14/07/2025,0
82,3fa50da0-cbba-4896-b103-0f1480a66ff9,21/07/2025,0
82,3fa50da0-cbba-4896-b103-0f1480a66ff9,28/07/2025,0
82,bbe82895-f33f-48ac-89c3-8bb6cac876a2,02/06/2025,1
82,bbe82895-f33f-48ac-89c3-8bb6cac876a2,09/06/2025,1
82,bbe82895-f33f-48ac-89c3-8bb6cac876a2,16/06/2025,1
82,bbe82895-f33f-48ac-89c3-8bb6cac876a2,23/06/2025,1
82,bbe82895-f33f-48ac-89c3-8bb6cac876a2,30/06/2025,1
82,bbe82895-f33f-48ac-89c3-8bb6cac876a2,07/07/2025,1
82,bbe82895-f33f-48ac-89c3-8bb6cac876a2,14/07/2025,1
82,bbe82895-f33f-48ac-89c3-8bb6cac876a2,21/07/2025,1
82,bbe82895-f33f-48ac-89c3-8bb6cac876a2,28/07/2025,1
82,cea83be4-5f52-4d3b-9b61-319828d20ee9,02/06/2025,0
82,cea83be4-5f52-4d3b-9b61-319828d20ee9,09/06/2025,0
82,cea83be4-5f52-4d3b-9b61-319828d20ee9,16/06/2025,0
82,cea83be4-5f52-4d3b-9b61-319828d20ee9,23/06/2025,0
82,cea83be4-5f52-4d3b-9b61-319828d20ee9,30/06/2025,0
82,cea83be4-5f52-4d3b-9b61-319828d20ee9,07/07/2025,0
82,cea83be4-5f52-4d3b-9b61-319828d20ee9,14/07/2025,0
82,cea83be4-5f52-4d3b-9b61-319828d20ee9,21/07/2025,0
82,cea83be4-5f52-4d3b-9b61-319828d20ee9,28/07/2025,0
82,f738963d-c76f-464a-8053-5b8dba7c690e,02/06/2025,0
82,f738963d-c76f-464a-8053-5b8dba7c690e,09/06/2025,0
82,f738963d-c76f-464a-8053-5b8dba7c690e,16/06/2025,0
82,f738963d-c76f-464a-8053-5b8dba7c690e,23/06/2025,0
82,f738963d-c76f-464a-8053-5b8dba7c690e,30/06/2025,0
82,f738963d-c76f-464a-8053-5b8dba7c690e,07/07/2025,0
82,f738963d-c76f-464a-8053-5b8dba7c690e,14/07/2025,0
82,f738963d-c76f-464a-8053-5b8dba7c690e,21/07/2025,0
82,f738963d-c76f-464a-8053-5b8dba7c690e,28/07/2025,0
87,3fa50da0-cbba-4896-b103-0f1480a66ff9,02/06/2025,0
87,3fa50da0-cbba-4896-b103-0f1480a66ff9,09/06/2025,0
87,3fa50da0-cbba-4896-b103-0f1480a66ff9,16/06/2025,0
87,3fa50da0-cbba-4896-b103-0f1480a66ff9,23/06/2025,0
87,3fa50da0-cbba-4896-b103-0f1480a66ff9,30/06/2025,0
87,3fa50da0-cbba-4896-b103-0f1480a66ff9,07/07/2025,0
87,3fa50da0-cbba-4896-b103-0f1480a66ff9,14/07/2025,0
87,3fa50da0-cbba-4896-b103-0f1480a66ff9,21/07/2025,0
87,3fa50da0-cbba-4896-b103-0f1480a66ff9,28/07/2025,0
88,bbe82895-f33f-48ac-89c3-8bb6cac876a2,02/06/2025,1
88,bbe82895-f33f-48ac-89c3-8bb6cac876a2,09/06/2025,1
88,bbe82895-f33f-48ac-89c3-8bb6cac876a2,16/06/2025,1
88,bbe82895-f33f-48ac-89c3-8bb6cac876a2,23/06/2025,1
88,bbe82895-f33f-48ac-89c3-8bb6cac876a2,30/06/2025,1
88,bbe82895-f33f-48ac-89c3-8bb6cac876a2,07/07/2025,1
88,bbe82895-f33f-48ac-89c3-8bb6cac876a2,14/07/2025,1
88,bbe82895-f33f-48ac-89c3-8bb6cac876a2,21/07/2025,1
88,bbe82895-f33f-48ac-89c3-8bb6cac876a2,28/07/2025,1
88,f738963d-c76f-464a-8053-5b8dba7c690e,02/06/2025,0
88,f738963d-c76f-464a-8053-5b8dba7c690e,09/06/2025,0
88,f738963d-c76f-464a-8053-5b8dba7c690e,16/06/2025,0
88,f738963d-c76f-464a-8053-5b8dba7c690e,23/06/2025,0
88,f738963d-c76f-464a-8053-5b8dba7c690e,30/06/2025,0
88,f738963d-c76f-464a-8053-5b8dba7c690e,07/07/2025,0
88,f738963d-c76f-464a-8053-5b8dba7c690e,14/07/2025,0
88,f738963d-c76f-464a-8053-5b8dba7c690e,21/07/2025,0
88,f738963d-c76f-464a-8053-5b8dba7c690e,28/07/2025,0
93,bbe82895-f33f-48ac-89c3-8bb6cac876a2,02/06/2025,1
93,bbe82895-f33f-48ac-89c3-8bb6cac876a2,09/06/2025,1
93,bbe82895-f33f-48ac-89c3-8bb6cac876a2,16/06/2025,1
93,bbe82895-f33f-48ac-89c3-8bb6cac876a2,23/06/2025,1
93,bbe82895-f33f-48ac-89c3-8bb6cac876a2,30/06/2025,1
93,bbe82895-f33f-48ac-89c3-8bb6cac876a2,07/07/2025,1
93,bbe82895-f33f-48ac-89c3-8bb6cac876a2,14/07/2025,1
93,bbe82895-f33f-48ac-89c3-8bb6cac876a2,21/07/2025,1
93,bbe82895-f33f-48ac-89c3-8bb6cac876a2,28/07/2025,1
93,f738963d-c76f-464a-8053-5b8dba7c690e,02/06/2025,0
93,f738963d-c76f-464a-8053-5b8dba7c690e,09/06/2025,0
93,f738963d-c76f-464a-8053-5b8dba7c690e,16/06/2025,0
93,f738963d-c76f-464a-8053-5b8dba7c690e,23/06/2025,0
93,f738963d-c76f-464a-8053-5b8dba7c690e,30/06/2025,0
93,f738963d-c76f-464a-8053-5b8dba7c690e,07/07/2025,0
93,f738963d-c76f-464a-8053-5b8dba7c690e,14/07/2025,0
93,f738963d-c76f-464a-8053-5b8dba7c690e,21/07/2025,0
93,f738963d-c76f-464a-8053-5b8dba7c690e,28/07/2025,0
94,bbe82895-f33f-48ac-89c3-8bb6cac876a2,02/06/2025,1
94,bbe82895-f33f-48ac-89c3-8bb6cac876a2,09/06/2025,1
94,bbe82895-f33f-48ac-89c3-8bb6cac876a2,16/06/2025,1
94,bbe82895-f33f-48ac-89c3-8bb6cac876a2,23/06/2025,1
94,bbe82895-f33f-48ac-89c3-8bb6cac876a2,30/06/2025,1
94,bbe82895-f33f-48ac-89c3-8bb6cac876a2,07/07/2025,1
94,bbe82895-f33f-48ac-89c3-8bb6cac876a2,14/07/2025,1
94,bbe82895-f33f-48ac-89c3-8bb6cac876a2,21/07/2025,1
94,bbe82895-f33f-48ac-89c3-8bb6cac876a2,28/07/2025,1
94,cea83be4-5f52-4d3b-9b61-319828d20ee9,02/06/2025,1
94,cea83be4-5f52-4d3b-9b61-319828d20ee9,09/06/2025,1
94,cea83be4-5f52-4d3b-9b61-319828d20ee9,16/06/2025,1
94,cea83be4-5f52-4d3b-9b61-319828d20ee9,23/06/2025,1
94,cea83be4-5f52-4d3b-9b61-319828d20ee9,30/06/2025,1
94,cea83be4-5f52-4d3b-9b61-319828d20ee9,07/07/2025,1
94,cea83be4-5f52-4d3b-9b61-319828d20ee9,14/07/2025,1
94,cea83be4-5f52-4d3b-9b61-319828d20ee9,21/07/2025,1
94,cea83be4-5f52-4d3b-9b61-319828d20ee9,28/07/2025,1
94,f738963d-c76f-464a-8053-5b8dba7c690e,02/06/2025,0
94,f738963d-c76f-464a-8053-5b8dba7c690e,09/06/2025,0
94,f738963d-c76f-464a-8053-5b8dba7c690e,16/06/2025,0
94,f738963d-c76f-464a-8053-5b8dba7c690e,23/06/2025,0
94,f738963d-c76f-464a-8053-5b8dba7c690e,30/06/2025,0
94,f738963d-c76f-464a-8053-5b8dba7c690e,07/07/2025,0
94,f738963d-c76f-464a-8053-5b8dba7c690e,14/07/2025,0
94,f738963d-c76f-464a-8053-5b8dba7c690e,21/07/2025,0
94,f738963d-c76f-464a-8053-5b8dba7c690e,28/07/2025,0
